location_flag	canonical_map	map_variants	item_lot_ids	display_items	classification	mvp_candidate	placement_count	event_names	coordinates
50002200	m24_01_00_00	m24_01_00_00;m24_01_00_01;m24_01_00_11	42000	White Messenger Ribbon x1	key_or_badge	True	3	Item_宝死体_910　少女の姉	-178.66,-46.45,-63.04
50002360	m36_00_00_00	m36_00_00_00	43221	Underground Cell Inner Chamber Key x1	key_or_badge	True	1	宝死体_地下牢の鍵	-644.2,1614.6,-874.2
52100000	m21_00_00_00	m21_00_00_00	2100000	Pebble x1	filler	False	1	宝死体_01	3,-6.23,-17
52110000	m21_01_00_00	m21_01_00_00	2110000	Old Hunter Bone x1	useful	True	1	宝00	
52110010	m21_01_00_00	m21_01_00_00	2110010	Gehrman's Hunter Cap x1	useful	True	1	宝01	102.7,-25.87,141.2
52110020	m21_01_00_00	m21_01_00_00	2110020	Doll Hat x1	useful	True	1	宝箱00	128.5,-24.61,152.5
52200100	m22_00_00_00	m22_00_00_00	2200100	Pebble x4	filler	False	1	Item_宝死体00	-77.788,-6.19,431.505
52200110	m22_00_00_00	m22_00_00_00	2200110	Twin Blood Stone Shards x1	filler	False	1	Item_宝死体01	-93.711006,-4.295,447.798
52200120	m22_00_00_00	m22_00_00_00	2200120	Twin Blood Stone Shards x2	filler	False	1	Item_宝死体02	-205.564,-30.434,516.178
52200130	m22_00_00_00	m22_00_00_00	2200130	Thick Coldblood (4) x1	filler	False	1	Item_宝死体03	-248.793,-24.98,510.449
52200140	m22_00_00_00	m22_00_00_00	2200140	Twin Blood Stone Shards x2	filler	False	1	Item_宝死体04	-257.6,-14.834,538.6
52200150	m22_00_00_00	m22_00_00_00	2200150	Blood Vial x2	filler	False	1	Item_宝死体05	-262.018,-10.24,542.956
52200160	m22_00_00_00	m22_00_00_00	2200160	Bone Marrow Ash x8	filler	False	1	Item_宝死体06	-278.864,-10.223999,625.598
52200170	m22_00_00_00	m22_00_00_00	2200170	Bone Marrow Ash x8	filler	False	1	Item_宝死体07	-197.6,-20.749,563.2
52200180	m22_00_00_00	m22_00_00_00	2200180	Bloodshot Eyeball x1	filler	False	1	Item_宝死体08	-240.81,-3.04,628.47
52200190	m22_00_00_00	m22_00_00_00	2200190	unknown x1	optional	False	1	Item_宝死体09	-206.65001,-6.26,600.83
52200200	m22_00_00_00	m22_00_00_00	2200200	Madman's Knowledge x1	filler	False	1	Item_宝死体10	-206.03,-5.69,590.57
52200210	m22_00_00_00	m22_00_00_00	2200210	Coldblood Dew (3) x1	filler	False	1	Item_宝死体11	-282.66602,-2.290999,653.427
52200220	m22_00_00_00	m22_00_00_00	2200220	Twin Blood Stone Shards x2	filler	False	1	Item_宝死体12	-257,-1.933,629.8
52200230	m22_00_00_00	m22_00_00_00	2200230	Quicksilver Bullets x4	filler	False	1	Item_宝死体13	-257.91,-7.059999,587.9
52200240	m22_00_00_00	m22_00_00_00	2200240	Thick Coldblood (4) x1	filler	False	1	Item_宝死体14	-277.25,-9.375999,588.109
52200250	m22_00_00_00	m22_00_00_00	2200250	Quicksilver Bullets x4	filler	False	1	Item_宝死体15	-214.75,-20.793999,556.122
52200260	m22_00_00_00	m22_00_00_00	2200260	Throwing Knife x3	filler	False	1	Item_宝死体16	-284.738,-9.204,643.50903
52200270	m22_00_00_00	m22_00_00_00	2200270	Thick Coldblood (4) x1	filler	False	1	Item_宝死体17	-305.675,-9.493999,654.226
52200280	m22_00_00_00	m22_00_00_00	2200280	unknown x1	optional	False	1	Item_宝箱00(旧宝死体18)	-318.3,0.403001,631.88
52200290	m22_00_00_00	m22_00_00_00	2200290	Madman's Knowledge x1	filler	False	1	Item_宝死体19	-335.8158,12.622,672.68146
52200300	m22_00_00_00	m22_00_00_00	2200300	Pebble x4	filler	False	1	Item_宝死体20	-223,-20.43,547.16003
52200310	m22_00_00_00	m22_00_00_00	2200310	Quicksilver Bullets x4	filler	False	1	Item_宝死体21	-173.85,-21.43,497.48
52200320	m22_00_00_00	m22_00_00_00	2200320	Thick Coldblood (4) x1	filler	False	1	Item_宝死体22	-42.78,-2.936999,424.594
52200330	m22_00_00_00	m22_00_00_00	2200330	Bone Marrow Ash x9	filler	False	1	Item_宝死体23	-44.100006,-3.363999,420.35
52200340	m22_00_00_00	m22_00_00_00	2200340	Thick Coldblood (4) x1	filler	False	1	Item_宝死体24	-44.932007,-3.36,424.226
52200350	m22_00_00_00	m22_00_00_00	2200350	Blood Vial x2	filler	False	1	Item_宝死体25	-267.753,-1.891,651.567
52200360	m22_00_00_00	m22_00_00_00	2200360	Rune Workshop Tool x1	key_or_badge	True	1	Item_宝死体26	-336.307,-4.778,780.652
52200365	m22_00_00_00	m22_00_00_00	2200365	Kin Coldblood (12) x1	filler	False	1	Item_宝死体26（前の周で取得済み時）	-336.307,-4.778,780.652
52200370	m22_00_00_00	m22_00_00_00	2200370	Bloodshot Eyeball x1	filler	False	1	Item_宝死体27	-218.134,-31.387,500.668
52200380	m22_00_00_00	m22_00_00_00	2200380	unknown x1	optional	False	1	Item_宝死体28	-298.743,-11.333,676.508
52200385	m22_00_00_00	m22_00_00_00	2200385	Madman's Knowledge x1	filler	False	1	Item_宝死体28(差し替え用）	-298.743,-11.333,676.508
52200390	m22_00_00_00	m22_00_00_00	2200390	Madman's Knowledge x1	filler	False	1	Item_宝死体29	-200.845,-29.073,534.863
52200400	m22_00_00_00	m22_00_00_00	2200400	Molotov Cocktail x5	filler	False	1	Item_宝死体30	-215.73001,-6.154,602.822
52300000	m23_00_00_00	m23_00_00_00;m23_00_00_01	2300000	Antidote x1	filler	False	2	Item_宝死体00	88.05,-70.009995,19.76
52300010	m23_00_00_00	m23_00_00_00;m23_00_00_01	2300010	Blood Stone Shard x2	filler	False	2	Item_宝死体01	96.415,-67.908005,-56.75
52300020	m23_00_00_00	m23_00_00_00;m23_00_00_01	2300020	Blood Stone Shard x1	filler	False	2	Item_宝死体02	75.11,-80.33,-25.93
52300030	m23_00_00_00	m23_00_00_00;m23_00_00_01	2300030	Fire Paper x2	filler	False	2	Item_宝死体03	50.09,-82.97,-69.53
52300040	m23_00_00_00	m23_00_00_00;m23_00_00_01	2300040	unknown x1	optional	False	2	Item_宝死体04	45.964,-83.009995,-72.75
52300050	m23_00_00_00	m23_00_00_00;m23_00_00_01	2300050	Coldblood Dew (3) x1	filler	False	2	Item_宝死体05	36.631,-85.287,-68.324
52300060	m23_00_00_00	m23_00_00_00;m23_00_00_01	2300060	Blood Stone Shard x2	filler	False	2	Item_宝死体06	-52.560997,-100.130005,-89.322
52300070	m23_00_00_00	m23_00_00_00;m23_00_00_01	2300070	Bloody Messenger Head Bandage x1	key_or_badge	True	2	Item_宝死体07	-42,-93.19,-52.59
52300080	m23_00_00_00	m23_00_00_00;m23_00_00_01	2300080	Coldblood Dew (2) x1	filler	False	2	Item_宝死体08	52.75,-90.41,-55.96
52300090	m23_00_00_00	m23_00_00_00;m23_00_00_01	2300090	Blood Vial x1	filler	False	2	Item_宝死体09	148.797,-119.51,-67.537
52300100	m23_00_00_00	m23_00_00_00;m23_00_00_01	2300100	Blood Vial x1	filler	False	2	Item_宝死体10	133.26001,-119.26,-77.957
52300110	m23_00_00_00	m23_00_00_00;m23_00_00_01	2300110	Blood Vial x1	filler	False	2	Item_宝死体11	142.32599,-121.23,-97.108
52300120	m23_00_00_00	m23_00_00_00;m23_00_00_01	2300120	Beast Blood Pellet x6	filler	False	2	Item_宝死体12	-4.081001,-114.38,0.978
52300130	m23_00_00_00	m23_00_00_00;m23_00_00_01	2300130	Coldblood Dew (3) x1	filler	False	2	Item_宝死体13	-65.831,-125.965,-5.169
52300140	m23_00_00_00	m23_00_00_00;m23_00_00_01	2300140	Blood Stone Shard x2	filler	False	2	Item_宝死体14	-55.5,-110.13,-15.88
52300150	m23_00_00_00	m23_00_00_00;m23_00_00_01	2300150	Blood Stone Shard x2	filler	False	2	Item_宝死体15	41.002,-105.298,7.158
52300160	m23_00_00_00	m23_00_00_00;m23_00_00_01	2300160	Madman's Knowledge x1	filler	False	2	Item_宝死体16	-39.6,-107.57,-98.99
52300170	m23_00_00_00	m23_00_00_00;m23_00_00_01	2300170	Ritual Blood (1) x2	filler	False	2	Item_宝箱00（旧宝死体17）	-45.21,-107.55,-61.25
52300180	m23_00_00_00	m23_00_00_00;m23_00_00_01	2300180	Pungent Blood Cocktail x3	filler	False	2	Item_宝死体18	136.599,-65.024,38.66
52300190	m23_00_00_00	m23_00_00_00;m23_00_00_01	2300190	Fire Paper x2	filler	False	2	Item_宝死体19	46.78,-94.452,14.144
52300200	m23_00_00_00	m23_00_00_00;m23_00_00_01	2300200	Hunter's Torch x1	useful	True	2	Item_宝死体20	76.699,-90.375,16.295
52300210	m23_00_00_00	m23_00_00_00;m23_00_00_01	2300210	Antidote x1	filler	False	2	Item_宝死体21	47.385,-83.208,-84.145
52300220	m23_00_00_00	m23_00_00_00;m23_00_00_01	2300220	Molotov Cocktail x4	filler	False	2	Item_宝死体22	-46.04,-91.42,-70.77
52300230	m23_00_00_00	m23_00_00_00;m23_00_00_01	2300230	Blood Stone Shard x2	filler	False	2	Item_宝死体23	70.124,-82.990005,-72.481
52300240	m23_00_00_00	m23_00_00_00;m23_00_00_01	2300240	Blood Vial x6	filler	False	2	Item_宝死体24	14.544998,-111.216,-40.029
52300250	m23_00_00_00	m23_00_00_00;m23_00_00_01	2300250	Pebble x3	filler	False	2	Item_宝死体25	
52300260	m23_00_00_00	m23_00_00_00;m23_00_00_01	2300260	Molotov Cocktail x3	filler	False	2	Item_宝死体26	
52300270	m23_00_00_00	m23_00_00_00;m23_00_00_01	2300270	unknown x1	filler	False	2	Item_宝死体27	
52300280	m23_00_00_00	m23_00_00_00;m23_00_00_01	2300280	Antidote x4	filler	False	2	Item_宝死体28	132.48001,-56.138,19.286
52300290	m23_00_00_00	m23_00_00_00;m23_00_00_01	2300290	Coldblood Dew (2) x1	filler	False	2	Item_宝死体29	70.772,-67.881,43.727
52300300	m23_00_00_00	m23_00_00_00;m23_00_00_01	2300300	unknown x1	optional	False	2	Item_宝箱01（旧宝死体30）	62.168,-101.263,-50.256
52300310	m23_00_00_00	m23_00_00_00;m23_00_00_01	2300310	Antidote x3	filler	False	2	Item_宝死体31	-147.685,-126.38,65.266
52300320	m23_00_00_00	m23_00_00_00;m23_00_00_01	2300320	Antidote x3	filler	False	2	Item_宝死体32	5.375999,-113.144,-80.68
52300330	m23_00_00_00	m23_00_00_00;m23_00_00_01	2300330	Quicksilver Bullets x10	filler	False	2	Item_宝死体33	-11.834999,-114.843,15.098
52300340	m23_00_00_00	m23_00_00_00;m23_00_00_01	2300340	Coldblood Dew (3) x1	filler	False	2	Item_宝死体34	52.34,-99.468,13.053
52300350	m23_00_00_00	m23_00_00_00;m23_00_00_01	2300350	Blood Stone Shard x1	filler	False	2	Item_宝死体35	75.345,-75.139,22.725
52300360	m23_00_00_00	m23_00_00_00;m23_00_00_01	2300360	Madman's Knowledge x1	filler	False	2	Item_宝死体36	-40.239998,-85.465,-87.575
52300370	m23_00_00_00	m23_00_00_00;m23_00_00_01	2300370	Coldblood Dew (2) x1	filler	False	2	Item_宝死体37	113.731995,-67.858,-51.39
52300380	m23_00_00_00	m23_00_00_00;m23_00_00_01	2300380	Blood Vial x6	filler	False	2	Item_宝死体38	72.175,-101.1,-35.34
52300390	m23_00_00_00	m23_00_00_00;m23_00_00_01	2300390	Rifle Spear x1	useful	True	2	Item_宝死体39	75.42,-95.3,-30.57
52300400	m23_00_00_00	m23_00_00_00;m23_00_00_01	2300400	Charred Hunter Garb x1	useful	True	2	Item_宝死体40	65.604996,-89.39,-52.907
52300410	m23_00_00_00	m23_00_00_00;m23_00_00_01	2300410	Molotov Cocktail x5	filler	False	2	Item_宝死体41	54.731,-101.074,-41.599
52300420	m23_00_00_00	m23_00_00_00;m23_00_00_01	2300420	Antidote x2	filler	False	2	Item_宝死体42	-14.632004,-85.18,-48.408
52300430	m23_00_00_00	m23_00_00_00;m23_00_00_01	2300430	Antidote x3	filler	False	2	Item_宝死体43	-25.265,-93.085,-98.195
52300440	m23_00_00_00	m23_00_00_00;m23_00_00_01	2300440	Pungent Blood Cocktail x2	filler	False	2	Item_宝死体44	31.925,-115.42,-49.935
52300450	m23_00_00_00	m23_00_00_00;m23_00_00_01	2300450	Antidote x1	filler	False	2	Item_宝死体45	43.555,-115.261,13.169
52300460	m23_00_00_00	m23_00_00_00;m23_00_00_01	2300460	Bold Hunter's Mark x2	filler	False	2	Item_宝死体46	-16.877998,-110.59,0.855
52300470	m23_00_00_00	m23_00_00_00;m23_00_00_01	2300470	Coldblood Dew (2) x1	filler	False	2	Item_宝死体47	122.93,-42.67,20.72
52300480	m23_00_00_00	m23_00_00_00;m23_00_00_01	2300480	Blood Vial x6	filler	False	2	Item_宝死体48	111.03,-67.9,-2.79
52300490	m23_00_00_00	m23_00_00_00;m23_00_00_01	2300490	Antidote x3	filler	False	2	Item_宝死体49	59.2,-80.28,-38.25
52300500	m23_00_00_00	m23_00_00_00;m23_00_00_01	2300500	Coldblood Dew (2) x1	filler	False	2	Item_宝死体50	-24.89,-101.35,-78.08
52300510	m23_00_00_00	m23_00_00_00;m23_00_00_01	2300510	Blood Stone Shard x2	filler	False	2	Item_宝死体51	93.03,-117.82,-61.42
52300520	m23_00_00_00	m23_00_00_00;m23_00_00_01	2300520	Coldblood Dew (3) x1	filler	False	2	Item_宝死体52	-52.83,-129.85,21.2
52300530	m23_00_00_00	m23_00_00_00;m23_00_00_01	2300530	Antidote x3	filler	False	2	Item_宝死体53	55.22,-82.5,-51.28
52400100	m24_00_00_00	m24_00_00_00;m24_00_00_01	2400100	Pungent Blood Cocktail x2	filler	False	2	Item 宝箱00（宝死体00 C）	65.14,30.38,159.09
52400120	m24_00_00_00	m24_00_00_00;m24_00_00_01	2400120	Top Hat x1	useful	True	2	Item 宝死体02 A小広場邪神	-20.14,-15.17,93.94
52400130	m24_00_00_00	m24_00_00_00;m24_00_00_01	2400130	Blood Stone Shard x2	filler	False	2	Item 宝死体03 A大階段_入口	-36.89,-11.48,76.99
52400140	m24_00_00_00	m24_00_00_00;m24_00_00_01	2400140	Madman's Knowledge x1	filler	False	2	Item 宝死体04 A広場	-34.35,-0.22,160.26
52400150	m24_00_00_00	m24_00_00_00;m24_00_00_01	2400150	Thick Coldblood (5) x1	filler	False	2	Item 宝死体05　AＳＣ脇道	15.65,5.51,211.59
52400160	m24_00_00_00	m24_00_00_00;m24_00_00_01	2400160	Quicksilver Bullets x2	filler	False	2	Item 宝死体06　A大階段_踊り場	
52400170	m24_00_00_00	m24_00_00_00;m24_00_00_01	2400170	Madman's Knowledge x1	filler	False	2	Item 宝死体07　A広場	-49.95,0.58,158.2
52400180	m24_00_00_00	m24_00_00_00;m24_00_00_01	2400180	Bloodshot Eyeball x1	filler	False	2	Item 宝死体08　A墓地街前	-15.13,21.74,284.98
52400190	m24_00_00_00	m24_00_00_00;m24_00_00_01	2400190	Blood Vial x1	filler	False	2	Item 宝死体09　A裏路地_建物内	
52400200	m24_00_00_00	m24_00_00_00;m24_00_00_01	2400200	Madman's Knowledge x1	filler	False	2	Item 宝死体10　A廃墟のつなぎ建物内2階	80,-21.81,61.37
52400210	m24_00_00_00	m24_00_00_00;m24_00_00_01	2400210	Poison Knife x12	filler	False	2	Item 宝死体11　A裏路地_入口	-99.37,-3.39,141.74
52400220	m24_00_00_00	m24_00_00_00;m24_00_00_01	2400220	Madman's Knowledge x1	filler	False	2	Item 宝死体12　A広場	-38.07,0.14,175.78
52400230	m24_00_00_00	m24_00_00_00;m24_00_00_01	2400230	Blood Vial x6	filler	False	2	Item 宝死体13　A大階段_上	-3.23,11.6,215.41
52400240	m24_00_00_00	m24_00_00_00;m24_00_00_01	2400240	Monocular x1	filler	False	2	Item 宝死体14　A旧入り口_犬	-78.52,-18.1,41.37
52400250	m24_00_00_00	m24_00_00_00;m24_00_00_01	2400250	Pebble x1	filler	False	2	Item 宝死体15　A廃墟のつなぎ_トラップ	
52400260	m24_00_00_00	m24_00_00_00;m24_00_00_01	2400260	Blood Vial x2	filler	False	2	Item 宝死体16　A裏路地広場2階	-78.54,-2.18,185.68
52400270	m24_00_00_00	m24_00_00_00;m24_00_00_01	2400270	Black Messenger Hat x1	key_or_badge	True	2	Item 宝死体17　A屋根の上	14.78,2.26,154.44
52400280	m24_00_00_00	m24_00_00_00;m24_00_00_01	2400280	Numbing Mist x6	filler	False	2	Item 宝死体18　AＳＣ_塔上	22.85,13.11,174.73
52400290	m24_00_00_00	m24_00_00_00;m24_00_00_01	2400290	Black Church Hat x1	useful	True	2	Item 宝死体19　A裏路地	-112.23,-9.59,170.27
52400300	m24_00_00_00	m24_00_00_00;m24_00_00_01	2400300	unknown x1	optional	False	2	Item 宝死体20　A森入口	-109.96,-2.51,198.52
52400310	m24_00_00_00	m24_00_00_00;m24_00_00_01	2400310	Shining Coins x12	filler	False	2	Item 宝死体21　A裏路地から見える森入口	-85.884,-0.05,164.582
52400320	m24_00_00_00	m24_00_00_00;m24_00_00_01	2400320	Blood Vial x6	filler	False	2	Item 宝死体22 A小広場廃墟側	-13.13,-15.45,72.54
52400330	m24_00_00_00	m24_00_00_00;m24_00_00_01	2400330	Blood Stone Shard x3	filler	False	2	Item 宝死体23 A旧入り口	-80.79,-18.6,65.95
52400340	m24_00_00_00	m24_00_00_00;m24_00_00_01	2400340	Quicksilver Bullets x10	filler	False	2	Item 宝死体24　A見晴らし塔	-36.13,4.57,196.62
52400350	m24_00_00_00	m24_00_00_00;m24_00_00_01	2400350	Thick Coldblood (4) x1	filler	False	2	Item 宝死体25　A広場入口脇	-63.09,-0.97,149.32
52400360	m24_00_00_00	m24_00_00_00;m24_00_00_01	2400360	Madman's Knowledge x1	filler	False	2	Item 宝死体26　A廃墟のつなぎ建物内	87.41,-26.54,66.67
52400370	m24_00_00_00	m24_00_00_00;m24_00_00_01	2400370	Thick Coldblood (6) x1	filler	False	2	Item 宝死体27 A裏水路から来た	15.25,3.73,187.31
52400380	m24_00_00_00	m24_00_00_00;m24_00_00_01	2400380	Throwing Knife x3	filler	False	2	Item 宝死体28　A屋根の上	
52400390	m24_00_00_00	m24_00_00_00;m24_00_00_01	2400390	Molotov Cocktail x4	filler	False	2	Item 宝死体29　A廃墟のつなぎ建物外	66.33,-29.65,43.15
52400400	m24_00_00_00	m24_00_00_00;m24_00_00_01	2400400	Coldblood Dew (2) x1	filler	False	2	Item 宝死体30　A廃墟のつなぎ建物外	57.75,-29.544,46.65
52400410	m24_00_00_00	m24_00_00_00;m24_00_00_01	2400410	Madman's Knowledge x1	filler	False	2	Item 宝死体34　C	55.31,-17.49,154.12
52400420	m24_00_00_00	m24_00_00_00;m24_00_00_01	2400420	Thick Coldblood (6) x1	filler	False	2	Item 宝死体01 C	52.528,22.83,141.375
52400430	m24_00_00_00	m24_00_00_00;m24_00_00_01	2400430	unknown x1	optional	False	2	Item 宝死体33　C	72.39,-51.642,250.65
52400440	m24_00_00_00	m24_00_00_00;m24_00_00_01	2400440	Thick Coldblood (6) x1	filler	False	2	Item 宝死体32　C	49.31,30.44,161.44
52400450	m24_00_00_00	m24_00_00_00;m24_00_00_01	2400450	Hunter Chief Emblem x1	key_or_badge	True	2	Item 宝死体35　A広場入口脇	-56.32,-0.16,127.05
52400460	m24_00_00_00	m24_00_00_00;m24_00_00_01	2400460	Thick Coldblood (5) x1	filler	False	2	Item 宝死体36 A広場入口脇	-28.73,-0.2,123.68
52400470	m24_00_00_00	m24_00_00_00;m24_00_00_01	2400470	Thick Coldblood (4) x1	filler	False	2	Item 宝死体37 裏路地広場2階トラップ奥	-80.16,-2.33,173.25
52400480	m24_00_00_00	m24_00_00_00;m24_00_00_01	2400480	Radiant Sword Hunter Badge x1	key_or_badge	True	2	Item 宝箱01（宝死体39 C_接続塔_終点）	57.52,30.38,162.417
52400485	m24_00_00_00	m24_00_00_00;m24_00_00_01	2400485	Bold Hunter's Mark x1	filler	False	2	Item 宝箱01（05 アイテム差し替え）	57.52,30.38,162.417
52410100	m24_01_00_00	m24_01_00_00;m24_01_00_01;m24_01_00_11	2410100	Saw Spear x1	useful	True	3	Item_宝死体_100	-126.422676,-67.96971,-103.74716
52410110	m24_01_00_00	m24_01_00_00;m24_01_00_01;m24_01_00_11	2410110	Blood Stone Shard x2	filler	False	3	Item_宝死体_110	-121.90256,-68.04549,-87.966255
52410120	m24_01_00_00	m24_01_00_00;m24_01_00_01;m24_01_00_11	2410120	Blood Vial x2	filler	False	3	Item_宝死体_120	-182.329,-50.545,132.89
52410130	m24_01_00_00	m24_01_00_00;m24_01_00_01;m24_01_00_11	2410130	Coldblood Dew (1) x1	filler	False	3	Item_宝死体_130	-208.51,-47.49,115.73
52410140	m24_01_00_00	m24_01_00_00;m24_01_00_01;m24_01_00_11	2410140	Madman's Knowledge x1	filler	False	3	Item_宝死体_140	-210.73,-54.32,184.02
52410150	m24_01_00_00	m24_01_00_00;m24_01_00_01;m24_01_00_11	2410150	Coldblood Dew (1) x1	filler	False	3	Item_宝死体_150	-213.743,-37.451,-18.165
52410160	m24_01_00_00	m24_01_00_00;m24_01_00_01;m24_01_00_11	2410160	Pebble x8	filler	False	3	Item_宝死体_160	-216.674,-31.377,61.493
52410170	m24_01_00_00	m24_01_00_00;m24_01_00_01;m24_01_00_11	2410170	Blood Stone Shard x1	filler	False	3	Item_宝死体_170	-255.68,-35.134953,37.29
52410180	m24_01_00_00	m24_01_00_00;m24_01_00_01;m24_01_00_11	2410180	Blood Stone Shard x1	filler	False	3	Item_宝死体_180	-181.505,-37.356,-7.018
52410190	m24_01_00_00	m24_01_00_00;m24_01_00_01;m24_01_00_11	2410190	Blood Vial x2	filler	False	3	Item_宝死体_190	-173.241,-37.289,-20.341
52410200	m24_01_00_00	m24_01_00_00;m24_01_00_01;m24_01_00_11	2410200	Molotov Cocktail x4	filler	False	3	Item_宝死体_200	-200.06,-40.409,-12.9
52410210	m24_01_00_00	m24_01_00_00;m24_01_00_01;m24_01_00_11	2410210	Blood Stone Shard x1	filler	False	3	Item_宝死体_210	-246.42,-31.5,-20.37
52410220	m24_01_00_00	m24_01_00_00;m24_01_00_01;m24_01_00_11	2410220	Pungent Blood Cocktail x2	filler	False	3	Item_宝死体_220	-201.836,-36.189,17.924
52410240	m24_01_00_00	m24_01_00_00;m24_01_00_01;m24_01_00_11	2410240	Coldblood Dew (3) x1	filler	False	3	Item_宝死体_240	-128.543,-43.433,-26.239
52410250	m24_01_00_00	m24_01_00_00;m24_01_00_01;m24_01_00_11	2410250	Madman's Knowledge x1	filler	False	3	Item_宝死体_250	-110.59,-70.847,-85.22
52410260	m24_01_00_00	m24_01_00_00;m24_01_00_01;m24_01_00_11	2410260	Coldblood Dew (1) x1	filler	False	3	Item_宝死体_260	-140.1,-60.993,-150.37
52410270	m24_01_00_00	m24_01_00_00;m24_01_00_01;m24_01_00_11	2410270	Quicksilver Bullets x10	filler	False	3	Item_宝死体_270	-181.05,-75.277,-75.22
52410280	m24_01_00_00	m24_01_00_00;m24_01_00_01;m24_01_00_11	2410280	Coldblood Dew (2) x1	filler	False	3	Item_宝死体_280	-91.91,-78.262,5.15
52410290	m24_01_00_00	m24_01_00_00;m24_01_00_01;m24_01_00_11	2410290	Saw Hunter Badge x1	key_or_badge	True	3	Item_宝死体_290（ショップ解禁 工房A）	-88.35,-78.234,-4.66
52410295	m24_01_00_00	m24_01_00_00;m24_01_00_01;m24_01_00_11	2410295	Bold Hunter's Mark x1	filler	False	3	Item_宝死体_290（差し替え用）	-88.35,-78.234,-4.66
52410310	m24_01_00_00	m24_01_00_00;m24_01_00_01;m24_01_00_11	2410310	Pebble x10	filler	False	3	Item_宝死体_310	-235.29,-31.41,-4.61
52410330	m24_01_00_00	m24_01_00_00;m24_01_00_01;m24_01_00_11	2410330	Blood Stone Shard x1	filler	False	3	Item_宝死体_330	-171.594,-65.615,-96.582
52410340	m24_01_00_00	m24_01_00_00;m24_01_00_01;m24_01_00_11	2410340	Blood Vial x4	filler	False	3	Item_宝死体_340	-175.19,-48.408,96.709
52410360	m24_01_00_00	m24_01_00_00;m24_01_00_01;m24_01_00_11	2410360	Blood Vial x2	filler	False	3	Item_宝死体_360	-185.359,-43.798,72.183
52410370	m24_01_00_00	m24_01_00_00;m24_01_00_01;m24_01_00_11	2410370	Oil Urn x2	filler	False	3	Item_宝死体_370	-170.03,-40.218,-47.51
52410380	m24_01_00_00	m24_01_00_00;m24_01_00_01;m24_01_00_11	2410380	Blood Vial x2	filler	False	3	Item_宝死体_380	-203.47,-40.383,-11.328
52410390	m24_01_00_00	m24_01_00_00;m24_01_00_01;m24_01_00_11	2410390	Blood Vial x6	filler	False	3	Item_宝死体_390	-219.717,-34.489,-63.268
52410400	m24_01_00_00	m24_01_00_00;m24_01_00_01;m24_01_00_11	2410400	Blood Stone Shard x1	filler	False	3	Item_宝死体_400	-236.683,-26.491,-38.311
52410430	m24_01_00_00	m24_01_00_00;m24_01_00_01;m24_01_00_11	2410430	Quicksilver Bullets x10	filler	False	3	Item_宝死体_430	-117.39,-26.635,65.475
52410440	m24_01_00_00	m24_01_00_00;m24_01_00_01;m24_01_00_11	2410440	Coldblood Dew (1) x1	filler	False	3	Item_宝死体_440	-115.2,-50.652,-102.27
52410450	m24_01_00_00	m24_01_00_00;m24_01_00_01;m24_01_00_11	2410450	Coldblood Dew (1) x1	filler	False	3	Item_宝死体_450	-137.365,-60.848,-86.068
52410470	m24_01_00_00	m24_01_00_00;m24_01_00_01;m24_01_00_11	2410470	Oil Urn x2	filler	False	3	Item_宝死体_470	-158.18,-60.832,-102.38
52410480	m24_01_00_00	m24_01_00_00;m24_01_00_01;m24_01_00_11	2410480	Madman's Knowledge x1	filler	False	3	Item_宝死体_480	-149.9,-46.322,-86.29
52410490	m24_01_00_00	m24_01_00_00;m24_01_00_01;m24_01_00_11	2410490	Blood Stone Shard x1	filler	False	3	Item_宝死体_490	-127.606,-78.169,-56.405
52410510	m24_01_00_00	m24_01_00_00;m24_01_00_01;m24_01_00_11	2410510	Bold Hunter's Mark x2	filler	False	3	Item_宝死体_510	-54.64,-48.677,44.03
52410520	m24_01_00_00	m24_01_00_00;m24_01_00_01;m24_01_00_11	2410520	Torch x1	useful	True	3	Item_宝死体_520	-202.46,-40.377,-14.7
52410530	m24_01_00_00	m24_01_00_00;m24_01_00_01;m24_01_00_11	2410530	Coldblood Dew (1) x1	filler	False	3	Item_宝死体_530	-193.97,-31.253,24.54
52410540	m24_01_00_00	m24_01_00_00;m24_01_00_01;m24_01_00_11	2410540	Blood Stone Shard x1	filler	False	3	Item_宝死体_540	-250.09,-31.44,-3.21
52410560	m24_01_00_00	m24_01_00_00;m24_01_00_01;m24_01_00_11	2410560	Quicksilver Bullets x5	filler	False	3	Item_宝死体_560	-231.36,-37.334,-6.31
52410570	m24_01_00_00	m24_01_00_00;m24_01_00_01;m24_01_00_11	2410570	Molotov Cocktail x4	filler	False	3	Item_宝死体_570	-238.47,-37.4,54.99
52410580	m24_00_00_00	m24_00_00_00;m24_00_00_01	2400760	unknown x1	optional	False	2	Item_宝箱06	-117.05,-26.74,78.34
52410590	m24_01_00_00	m24_01_00_00;m24_01_00_01;m24_01_00_11	2410590	Molotov Cocktail x6	filler	False	3	Item_宝死体_590	-169.27,-44.11,65.28
52410600	m24_01_00_00	m24_01_00_00;m24_01_00_01;m24_01_00_11	2410600	Coldblood Dew (1) x1	filler	False	3	Item_宝死体_600	-222.9,-37.44,30.53
52410610	m24_01_00_00	m24_01_00_00;m24_01_00_01;m24_01_00_11	2410610	Hunter Hat x1	useful	True	3	Item_宝死体_610	-180.4,-60.21,-61.64
52410620	m24_01_00_00	m24_01_00_00;m24_01_00_01;m24_01_00_11	2410620	Thick Coldblood (5) x1	filler	False	3	Item_宝死体_620	-193.07,-54.93,-56.97
52410630	m24_01_00_00	m24_01_00_00;m24_01_00_01;m24_01_00_11	2410630	Coldblood Dew (1) x1	filler	False	3	Item_宝死体_630	-182.82,-29.3,-4.72
52410640	m24_01_00_00	m24_01_00_00;m24_01_00_01;m24_01_00_11	2410640	unknown x1	optional	False	3	Item_宝箱_2_ボディジェム	-244.24,-40.65,189.84264
52410645	m24_01_00_00	m24_01_00_00;m24_01_00_01;m24_01_00_11	2410645	Madman's Knowledge x1	filler	False	3	Item_宝箱_2_ボディジェム（差し替え用）	-244.24,-40.65,189.84264
52410650	m24_01_00_00	m24_01_00_00;m24_01_00_01;m24_01_00_11	2410650	Blood Stone Shard x1	filler	False	3	Item_宝死体_650	-210.47,-33.24,44.36
52410800	m24_01_00_00	m24_01_00_00;m24_01_00_01;m24_01_00_11	2410800	Quicksilver Bullets x10	filler	False	3	Item_宝死体_800	-193.64,-47.64,103.08
52410920	m24_01_00_00	m24_01_00_00;m24_01_00_01;m24_01_00_11	2410920	Red Jeweled Brooch x1	filler	False	3	Item_宝死体_920　ガスコイン嫁	-34.1,-35.6,107.2
52411000	m24_01_00_00	m24_01_00_00;m24_01_00_01;m24_01_00_11	2411000	Blood Gem Workshop Tool x1	key_or_badge	True	3	Item_宝箱_1000_魔石着脱解禁	34.048,-17.39,103.472
52411005	m24_01_00_00	m24_01_00_00;m24_01_00_01;m24_01_00_11	2411005	Kin Coldblood (12) x1	filler	False	3	Item_宝箱_1000_魔石着脱解禁（差し替え用）	34.048,-17.39,103.472
52420110	m24_02_00_00	m24_02_00_00;m24_02_00_01	2420110	Thick Coldblood (5) x1	filler	False	2	Item 宝死体01	19.62,41.074265,200.07
52420120	m24_02_00_00	m24_02_00_00;m24_02_00_01	2420120	unknown x1	optional	False	2	Item 宝死体02	-45.1232,47.766235,294.4444
52420125	m24_02_00_00	m24_02_00_00;m24_02_00_01	2420125	Madman's Knowledge x1	filler	False	2	Item 宝死体02（差し替え用）	-45.1232,47.766235,294.4444
52420130	m24_02_00_00	m24_02_00_00;m24_02_00_01	2420130	Frenzied Coldblood (9) x1	filler	False	2	Item 宝死体03	-91.3179,47.056534,273.68527
52420140	m24_02_00_00	m24_02_00_00;m24_02_00_01	2420140	Quicksilver Bullets x3	filler	False	2	Item 宝死体04	-93.67065,54.799408,275.08783
52420150	m24_02_00_00	m24_02_00_00;m24_02_00_01	2420150	Choir Garb x1	useful	True	2	Item 宝死体05	-114.095,58.870003,285.973
52420160	m24_02_00_00	m24_02_00_00;m24_02_00_01	2420160	Twin Blood Stone Shards x1	filler	False	2	Item 宝死体06	-125.44022,58.870003,303.82736
52420170	m24_02_00_00	m24_02_00_00;m24_02_00_01	2420170	Madman's Knowledge x1	filler	False	2	Item 宝死体07	-73.91924,58.869762,272.50198
52420180	m24_02_00_00	m24_02_00_00;m24_02_00_01	2420180	Blue Elixir x1	filler	False	2	Item 宝死体08	-78.456,59.016,315.562
52420190	m24_02_00_00	m24_02_00_00;m24_02_00_01	2420190	Blindfold Cap x1	useful	True	2	Item 宝死体09	-84.37619,59.016,322.318
52420200	m24_02_00_00	m24_02_00_00;m24_02_00_01	2420200	Madman's Knowledge x1	filler	False	2	Item 宝死体10	-91.327,58.870003,323.435
52420210	m24_02_00_00	m24_02_00_00;m24_02_00_01	2420210	Madman's Knowledge x1	filler	False	2	Item 宝死体11	-93.69532,58.870003,325.92505
52420220	m24_02_00_00	m24_02_00_00;m24_02_00_01	2420220	Pearl Slug x2	filler	False	2	Item 宝死体12	-108.84,59.016,336.256
52420230	m24_02_00_00	m24_02_00_00;m24_02_00_01	2420230	Gascoigne's Cap x1	useful	True	2	Item 宝死体13	-53.472935,60.592937,274.9488
52420240	m24_02_00_00	m24_02_00_00;m24_02_00_01	2420240	Ritual Blood (5) x3	filler	False	2	Item 宝死体14	-67.096,49.123,291.301
52420250	m24_02_00_00	m24_02_00_00;m24_02_00_01	2420250	Ludwig's Rifle x1	useful	True	2	Item 宝死体15	81.831406,4.123318,372.87155
52420260	m24_02_00_00	m24_02_00_00;m24_02_00_01	2420260	Tomb Mold (4) x1	filler	False	2	Item 宝死体16	-57.91,58.87,304.42
52420270	m24_02_00_00	m24_02_00_00;m24_02_00_01	2420270	Cosmic Eye Watcher Badge x1	key_or_badge	True	2	Item 宝死体17	-101.29,49.13,287.65
52420285	m24_02_00_00	m24_02_00_00;m24_02_00_01	2420275	Bold Hunter's Mark x1	filler	False	2	Item 宝死体17（差し替え用）	-101.29,49.13,287.65
52420300	m24_02_00_00	m24_02_00_00;m24_02_00_01	2420300	Frenzied Coldblood (9) x1	filler	False	2	Item_宝死体18	-54.97,49,285.43
52420310	m24_02_00_00	m24_02_00_00;m24_02_00_01	2420310	Blue Elixir x1	filler	False	2	Item 宝死体19	19.93,40.79,190.6
52420320	m24_00_00_00	m24_00_00_00;m24_00_00_01;m24_02_00_00;m24_02_00_01	2420320	A Call Beyond x1	useful	True	4	Item ダミー宝死体（アイテム抽選パラCと共通）;Item 宝死体18	68.829,50.352,331.05;71.06,53.29,329.72
52420540	m24_00_00_00	m24_00_00_00;m24_00_00_01	2400540	Rumpled Yharnam Hat x1	useful	True	2	Item 宝死体38 C_路地裏 脇道	48.45,-47.46,180
52420550	m24_00_00_00	m24_00_00_00;m24_00_00_01	2400550	Wooden Shield x1	useful	True	2	Item 宝死体40	10.11,0.8,168.55
52420560	m24_00_00_00	m24_00_00_00;m24_00_00_01	2400560	Blood Stone Shard x5	filler	False	2	Item 宝死体41	-107.01,-20.09,85.5
52420570	m24_00_00_00	m24_00_00_00;m24_00_00_01	2400570	Thick Coldblood (5) x1	filler	False	2	Item 宝死体42	-22.26,0.41,202.45
52420580	m24_00_00_00	m24_00_00_00;m24_00_00_01	2400580	Thick Coldblood (5) x1	filler	False	2	Item 宝死体43	-15.46,0.45,199.75
52420590	m24_00_00_00	m24_00_00_00;m24_00_00_01	2400590	Madman's Knowledge x1	filler	False	2	Item 宝死体44	-30.14,-0.42,155.09
52420600	m24_00_00_00	m24_00_00_00;m24_00_00_01	2400600	Twin Blood Stone Shards x2	filler	False	2	Item 宝死体45	-62.85,-0.18,175.27
52420610	m24_00_00_00	m24_00_00_00;m24_00_00_01	2400610	Antidote x1	filler	False	2	Item 宝死体46	-104.366,-2.59,202.186
52420620	m24_00_00_00	m24_00_00_00;m24_00_00_01	2400620	Madman's Knowledge x1	filler	False	2	Item 宝死体47	-53.94,0.22,147.98
52420630	m24_00_00_00	m24_00_00_00;m24_00_00_01	2400630	Poison Knife x18	filler	False	2	Item 宝死体48	-100.63,-9.35,176.61
52420640	m24_00_00_00	m24_00_00_00;m24_00_00_01	2400640	unknown x1	optional	False	2	Item 宝箱03	49.04,12.23,107.35
52420645	m24_00_00_00	m24_00_00_00;m24_00_00_01	2400645	Madman's Knowledge x1	filler	False	2	Item 宝箱03（差し替え用）	49.04,12.23,107.35
52420650	m24_00_00_00	m24_00_00_00;m24_00_00_01	2400650	unknown x1	optional	False	2	Item_宝箱04	56.54,14.98,161.8
52420660	m24_00_00_00	m24_00_00_00;m24_00_00_01	2400660	Madman's Knowledge x1	filler	False	2	Item 宝死体49	66.57,-45.57,215.58
52420670	m24_00_00_00	m24_00_00_00;m24_00_00_01	2400670	Messenger Top Hat x1	key_or_badge	True	2	Item 宝死体50	50.26,-7.56,150.85
52420690	m24_00_00_00	m24_00_00_00;m24_00_00_01	2400690	unknown x1	optional	False	2	Item_宝箱04	25.25,2.23,98.27
52420695	m24_00_00_00	m24_00_00_00;m24_00_00_01	2400695	Madman's Knowledge x1	filler	False	2	Item_宝箱04（差し替え用）	25.25,2.23,98.27
52420700	m24_00_00_00	m24_00_00_00;m24_00_00_01	2400700	Frenzied Coldblood (7) x1	filler	False	2	Item 宝死体51 A⇔生贄接続屋根上 	83.62,7.84,230.19
52420710	m24_00_00_00	m24_00_00_00;m24_00_00_01	2400710	Twin Blood Stone Shards x1	filler	False	2	Item 宝死体52 A⇔生贄接続屋根上 	121.96,-0.37,211.17
52420720	m24_00_00_00	m24_00_00_00;m24_00_00_01	2400720	Madman's Knowledge x1	filler	False	2	Item 宝死体53	8.51,-10.6,118.16
52420730	m24_00_00_00	m24_00_00_00;m24_00_00_01	2400730	Messenger Urn Festival x1	key_or_badge	True	2	Item 宝死体54	15.65,2.4,98.34
52420740	m24_00_00_00	m24_00_00_00;m24_00_00_01	2400740	unknown x1	optional	False	2	Item 宝死体55	112,-36.67,69.06
52420750	m24_00_00_00	m24_00_00_00;m24_00_00_01	2400750	Bold Hunter's Mark x3	filler	False	2	Item 宝死体56	-29.53,17.57,299.17
52500100	m25_00_00_00	m25_00_00_00	2500100	Frenzied Coldblood (9) x1	filler	False	1	Item_宝死体_00	-21.93,30.27,-242.79
52500110	m25_00_00_00	m25_00_00_00	2500110	Numbing Mist x2	filler	False	1	Item_宝死体_01	15.83,31.32,-219.63
52500120	m25_00_00_00	m25_00_00_00	2500120	Numbing Mist x4	filler	False	1	Item_宝死体_02	65.95,36.55,-291.94
52500130	m25_00_00_00	m25_00_00_00	2500130	Numbing Mist x4	filler	False	1	Item_宝死体_03	69.87,35.99,-230.89
52500140	m25_00_00_00	m25_00_00_00	2500140	Frenzied Coldblood (8) x1	filler	False	1	Item_宝死体_04	73.69,36.53,-238.15
52500150	m25_00_00_00	m25_00_00_00	2500150	Frenzied Coldblood (9) x1	filler	False	1	Item_宝死体_05	80.53,36.06,-229.8
52500160	m25_00_00_00	m25_00_00_00	2500160	Noble Dress x1	useful	True	1	Item_宝死体_06	119.54,50,-241.46
52500170	m25_00_00_00	m25_00_00_00	2500170	Vileblood Register x1	useful	True	1	Item_宝死体_07	-34.13,65,-239
52500180	m25_00_00_00	m25_00_00_00	2500180	Quicksilver Bullets x6	filler	False	1	Item_宝死体_08	-76.97,70.8,-233.25
52500190	m25_00_00_00	m25_00_00_00	2500190	Kin Coldblood (10) x1	filler	False	1	Item_宝死体_09	-95.5,67.39,-295.06
52500200	m25_00_00_00	m25_00_00_00	2500200	Quicksilver Bullets x6	filler	False	1	Item_宝死体_10	121.07,49.998,-253.65
52500210	m25_00_00_00	m25_00_00_00	2500210	Madman's Knowledge x1	filler	False	1	Item_宝死体_11	108.46,40.78,-261.03
52500220	m25_00_00_00	m25_00_00_00	2500220	Madman's Knowledge x1	filler	False	1	Item_宝死体_12	91.97,40.617,-282.77
52500230	m25_00_00_00	m25_00_00_00	2500230	Blood Stone Chunk x1	filler	False	1	Item_宝死体_13	89.241,50.1,-290.339
52500240	m25_00_00_00	m25_00_00_00	2500240	Quicksilver Bullets x4	filler	False	1	Item_宝死体_14	111.519,50.004,-236.113
52500250	m25_00_00_00	m25_00_00_00	2500250	Executioner's Gloves x1	useful	True	1	Item_宝死体_15	-72.62,65,-268.04
52500260	m25_00_00_00	m25_00_00_00	2500260	Kin Coldblood (10) x1	filler	False	1	Item_宝死体_16	-2.71,79.67,-312.44
52500270	m25_00_00_00	m25_00_00_00	2500270	Bold Hunter's Mark x2	filler	False	1	Item_宝死体_17	22.56,97.74,-297.12
52501000	m25_00_00_00	m25_00_00_00	2501000	Reiterpallasch x1	useful	True	1	Item_宝箱_00	110.55,40.6,-293.3
52501010	m25_00_00_00	m25_00_00_00	2501010	Blood Stone Chunk x1	filler	False	1	Item_宝箱_01	50.55,70.08,-224.29
52501020	m25_00_00_00	m25_00_00_00	2501020	Executioner Garb x1	useful	True	1	Item_宝箱_02	-74.48,63.97,-220.46
52501030	m25_00_00_00	m25_00_00_00	2501030	Blood Stone Chunk x1	filler	False	1	Item_宝箱_03	-74.76,76.58,-279.49
52501040	m25_00_00_00	m25_00_00_00	2501040	unknown x1	optional	False	1	Item_宝箱_04	-32.69,82.8,-293.5
52501050	m25_00_00_00	m25_00_00_00	2501050	Knight's Wig x1	useful	True	1	Item_宝箱_05	-36.52,96.51,-280.86
52501060	m25_00_00_00	m25_00_00_00	2501060	unknown x1	optional	False	1	Item_宝箱_06	-19.72,18.24,-268.13
52501070	m25_00_00_00	m25_00_00_00	2501070	Knight's Garb x1	useful	True	1	Item_宝箱_07	-58.75,65,-231.6
52501080	m25_00_00_00	m25_00_00_00	2501080	Evelyn x1	useful	True	1	Item_宝箱_08	-50.71,65,-259.87
52600100	m26_00_00_00	m26_00_00_00	2600100	Shaman Bone Blade x6	filler	False	1	Item_宝死体A_00	130.62,1017.21,120.72
52600110	m26_00_00_00	m26_00_00_00	2600110	Madman's Knowledge x1	filler	False	1	Item_宝死体A_01	135.44,1030.91,16.36
52600120	m26_00_00_00	m26_00_00_00	2600120	Great One's Wisdom x1	filler	False	1	Item_宝死体A_02	124.6,1033.57,39.96
52600130	m26_00_00_00	m26_00_00_00	2600130	Great One's Wisdom x1	filler	False	1	Item_宝死体A_03	126.39,1033.64,46.61
52600140	m26_00_00_00	m26_00_00_00	2600140	Great One's Wisdom x1	filler	False	1	Item_宝死体A_04	123,1033.49,52.08
52600150	m26_00_00_00	m26_00_00_00	2600150	unknown x1	optional	False	1	Item_宝死体A_05	124.51,1033.44,59.78
52600160	m26_00_00_00	m26_00_00_00	2600160	Great One's Wisdom x1	filler	False	1	Item_宝死体A_06	122.68,1033.47,62.68
52600170	m26_00_00_00	m26_00_00_00	2600170	Frenzied Coldblood (9) x1	filler	False	1	Item_宝死体A_07	78.03,1055.86,-48.57
52600180	m26_00_00_00	m26_00_00_00	2600180	Frenzied Coldblood (9) x1	filler	False	1	Item_宝死体B_00	-80.02,967.33,21.65
52600190	m26_00_00_00	m26_00_00_00	2600190	Blood Vial x8	filler	False	1	Item_宝死体B_01	-34.98,976.76,30
52600200	m26_00_00_00	m26_00_00_00	2600200	unknown x1	optional	False	1	Item_宝死体B_02	78.14,1026.57,-39.82
52600210	m26_00_00_00	m26_00_00_00	2600210	Blood Stone Chunk x1	filler	False	1	Item_宝死体B_03	63.09,1024.93,-21.27
52600220	m26_00_00_00	m26_00_00_00	2600220	unknown x1	optional	False	1	Item_宝死体B_04	134.99,1031.02,29.09
52600230	m26_00_00_00	m26_00_00_00	2600230	Quicksilver Bullets x6	filler	False	1	Item_宝死体B_05	177.66,1034.64,-24.18
52600240	m26_00_00_00	m26_00_00_00	2600240	Madman's Knowledge x1	filler	False	1	Item_宝死体C_00	122.01,1019.45,104.08
52600250	m26_00_00_00	m26_00_00_00	2600250	Lead Elixir x2	filler	False	1	Item_宝死体C_01	108.51,1003.72,-35.69
52600260	m26_00_00_00	m26_00_00_00	2600260	Frenzied Coldblood (8) x1	filler	False	1	Item_宝死体C_02	131.46,1039.05,-43
52600270	m26_00_00_00	m26_00_00_00	2600270	Quicksilver Bullets x6	filler	False	1	Item_宝死体C_03	100.04,1049.23,-38.34
52600280	m26_00_00_00	m26_00_00_00	2600280	Blood Stone Chunk x1	filler	False	1	Item_宝死体C_04	114.91,1060.43,-20.32
52600290	m26_00_00_00	m26_00_00_00	2600290	Frenzied Coldblood (9) x1	filler	False	1	Item_宝死体D_00	-14.16,991.8,100.96
52600300	m26_00_00_00	m26_00_00_00	2600300	unknown x1	optional	False	1	Item_宝死体D_01	44.04,983.84,2.37
52600305	m26_00_00_00	m26_00_00_00	2600305	Madman's Knowledge x1	filler	False	1	Item_宝死体D_01（差し替え用）	44.04,983.84,2.37
52600310	m26_00_00_00	m26_00_00_00	2600310	Blood Stone Chunk x1	filler	False	1	Item_宝死体D_02	67.03,1009.15,147.54
52600320	m26_00_00_00	m26_00_00_00	2600320	Kin Coldblood (10) x1	filler	False	1	Item_宝死体D_03	100.98,1019.45,96.14
52600330	m26_00_00_00	m26_00_00_00	2600330	Frenzied Coldblood (9) x1	filler	False	1	Item_宝死体D_04	112.17,1014.69,6.09
52600340	m26_00_00_00	m26_00_00_00	2600340	Blue Elixir x2	filler	False	1	Item_宝死体D_05	148.56,1013.22,-35.25
52600350	m26_00_00_00	m26_00_00_00	2600350	Twin Blood Stone Shards x3	filler	False	1	Item_宝死体D_06	94.49,1003.91,-46.93
52600360	m26_00_00_00	m26_00_00_00	2600360	Kin Coldblood (10) x1	filler	False	1	Item_宝死体D_07	66.92,1025.16,-17.18
52600370	m26_00_00_00	m26_00_00_00	2600370	Blood Vial x4	filler	False	1	Item_宝死体D_08	159.44,1043.2,-69.85
52600380	m26_00_00_00	m26_00_00_00	2600380	Sedative x3	filler	False	1	Item_宝死体D_09	121.35,1029.82,-62.81
52600390	m26_00_00_00	m26_00_00_00	2600390	unknown x1	optional	False	1	Item_宝死体D_10	115.26,1016.83,-77.14
52600395	m26_00_00_00	m26_00_00_00	2600395	Madman's Knowledge x1	filler	False	1	Item_宝死体D_10（差し替え用）	115.26,1016.83,-77.14
52600400	m26_00_00_00	m26_00_00_00	2600400	Blood Vial x3	filler	False	1	Item_宝死体D_11	106.16,1048.21,-37.76
52600410	m26_00_00_00	m26_00_00_00	2600410	Kin Coldblood (10) x1	filler	False	1	Item_宝死体D_12	96.57,1043.18,-6.46
52600420	m26_00_00_00	m26_00_00_00	2600420	Blood Stone Chunk x2	filler	False	1	Item_宝死体D_13	135.409,1067.529,7.618
52600430	m26_00_00_00	m26_00_00_00	2600430	Frenzied Coldblood (8) x1	filler	False	1	Item_宝死体D_14	93.15,1075.86,-0.09
52600440	m26_00_00_00	m26_00_00_00	2600440	Madman's Knowledge x1	filler	False	1	Item_宝死体_44	131.13,1003.75,-30.74
52600450	m26_00_00_00	m26_00_00_00	2600450	Blood Stone Chunk x2	filler	False	1	Item_宝死体_45	188.67,1085.21,-17.34
52600460	m26_00_00_00	m26_00_00_00	2600460	Kin Coldblood (11) x1	filler	False	1	Item_宝死体_46	152.82,1094.29,-83.08
52600470	m26_00_00_00	m26_00_00_00	2600470	Kin Coldblood (11) x1	filler	False	1	Item_宝死体_47	150.25,1094.56,-81.29
52600480	m26_00_00_00	m26_00_00_00	2600480	unknown x1	optional	False	1	Item_宝死体_48	166.73,1093.35,-77.13
52600490	m26_00_00_00	m26_00_00_00	2600490	Blood Stone Chunk x2	filler	False	1	Item_宝死体_49	140.45,1085.11,-103.12
52600500	m26_00_00_00	m26_00_00_00	2600500	Kin Coldblood (11) x1	filler	False	1	Item_宝死体_50	114.81,1059.02,42.74
52600510	m26_00_00_00	m26_00_00_00	2600510	unknown x1	optional	False	1	Item_宝死体_51	109.6,1059.06,83.55
52600520	m26_00_00_00	m26_00_00_00	2600520	Blood Stone Chunk x2	filler	False	1	Item_宝死体_52	96.06,1039.95,136.01
52600530	m26_00_00_00	m26_00_00_00	2600530	unknown x1	optional	False	1	Item_宝死体_53	121.95,1039.95,125.52
52600540	m26_00_00_00	m26_00_00_00	2600540	Blood Rock x1	filler	False	1	Item_宝死体_54	101.74,1021.34,57.66
52600550	m26_00_00_00	m26_00_00_00	2600550	Iron Door Key x1	key_or_badge	True	1	Item_宝死体_55_悪夢の主宝死体	136.26,1063.28,8.72
52600560	m26_00_00_00	m26_00_00_00	2600560	Blood Stone Chunk x1	filler	False	1	Item_宝死体46	8.92,1001.99,134.39
52600580	m26_00_00_00	m26_00_00_00	2600580	Blood Vial x8	filler	False	1	Item_宝死体48	131.52,1046.46,-63.85
52600590	m26_00_00_00	m26_00_00_00	2600590	Inflicted Organ x1	filler	False	1	Item_宝箱_02	115.07,1058.7,-1
52600600	m26_00_00_00	m26_00_00_00	2600600	Choir Bell x1	useful	True	1	Item_宝箱_03	112.8,1039.93,138.41
52600610	m26_00_00_00	m26_00_00_00	2600610	Iron Door Key x1	key_or_badge	True	1	Item_宝死体_44	100.51,1043.19,-38.11
52601000	m26_00_00_00	m26_00_00_00	2601000	Iosefka's Blood Vial x1	useful	True	1	Item_宝箱_00	75.05,1098.4,-25.18
52601010	m26_00_00_00	m26_00_00_00	2601010	Yellow Backbone x2	filler	False	1	Item_宝箱_01	137.2,1019.69,4.56
52700100	m27_00_00_00	m27_00_00_00;m27_00_00_01	2700100	Twin Blood Stone Shards x3	filler	False	2	Item 宝死体00	-194.146,-155.74,457.085
52700110	m27_00_00_00	m27_00_00_00;m27_00_00_01	2700110	Poison Knife x8	filler	False	2	Item 宝死体01	-272.812,-93.64,308.454
52700120	m27_00_00_00	m27_00_00_00;m27_00_00_01	2700120	Cannon x1	useful	True	2	Item 宝死体02	-286.219,-98.565,314.909
52700130	m27_00_00_00	m27_00_00_00;m27_00_00_01	2700130	Madman's Knowledge x1	filler	False	2	Item 宝死体03	-194.189,-153.465,430.753
52700140	m27_00_00_00	m27_00_00_00;m27_00_00_01	2700140	Molotov Cocktail x11	filler	False	2	Item 宝死体04	-364.874,-95.596,216.785
52700150	m27_00_00_00	m27_00_00_00;m27_00_00_01	2700150	White Church Hat x1	useful	True	2	Item 宝死体05	-375.983,-78.457,137.751
52700170	m27_00_00_00	m27_00_00_00;m27_00_00_01	2700170	Thick Coldblood (6) x1	filler	False	2	Item 宝死体07	-293.218,-91.449,161.956
52700180	m27_00_00_00	m27_00_00_00;m27_00_00_01	2700180	unknown x1	optional	False	2	Item_宝死体67	-169.35,-137.06,474.56
52700185	m27_00_00_00	m27_00_00_00;m27_00_00_01	2700185	Madman's Knowledge x1	filler	False	2	Item_宝死体67（差し替え用）	-169.35,-137.06,474.56
52700190	m27_00_00_00	m27_00_00_00;m27_00_00_01	2700190	Twin Blood Stone Shards x1	filler	False	2	Item 宝死体09	-203.356,-75.194,212.85
52700200	m27_00_00_00	m27_00_00_00;m27_00_00_01	2700200	unknown x1	optional	False	2	Item 宝死体10	-298.988,-172.286,418.005
52700205	m27_00_00_00	m27_00_00_00;m27_00_00_01	2700205	Madman's Knowledge x1	filler	False	2	Item 宝死体10（差し替え用）	-298.988,-172.286,418.005
52700210	m27_00_00_00	m27_00_00_00;m27_00_00_01	2700210	Madman's Knowledge x1	filler	False	2	Item 宝死体11	-115.061,-52.036,201.272
52700220	m27_00_00_00	m27_00_00_00;m27_00_00_01	2700220	Twin Blood Stone Shards x1	filler	False	2	Item 宝死体12	-343.257,-99.75,227.213
52700230	m27_00_00_00	m27_00_00_00;m27_00_00_01	2700230	Frenzied Coldblood (8) x1	filler	False	2	Item 宝死体13	-189.249,-158.176,490.044
52700240	m27_00_00_00	m27_00_00_00;m27_00_00_01	2700240	Twin Blood Stone Shards x1	filler	False	2	Item 宝死体14	-152.658,-133.419,447.26
52700250	m27_00_00_00	m27_00_00_00;m27_00_00_01	2700250	Madman's Knowledge x1	filler	False	2	Item 宝死体15	-167.182,-136.802,410.319
52700260	m27_00_00_00	m27_00_00_00;m27_00_00_01	2700260	Madman's Knowledge x1	filler	False	2	Item 宝死体16	-190.253,-153.264,408.082
52700270	m27_00_00_00	m27_00_00_00;m27_00_00_01	2700270	Madman's Knowledge x1	filler	False	2	Item 宝死体17	-191.525,-157.621,353.909
52700290	m27_00_00_00	m27_00_00_00;m27_00_00_01	2700290	Madman's Knowledge x1	filler	False	2	Item 宝死体19	-300.774,-111.481,301.359
52700300	m27_00_00_00	m27_00_00_00;m27_00_00_01	2700300	unknown x1	optional	False	2	Item 宝死体20	-301.02,-173.5,457.47
52700310	m27_00_00_00	m27_00_00_00;m27_00_00_01	2700310	Frenzied Coldblood (7) x1	filler	False	2	Item 宝死体21	-241.577,-148.308,465.16
52700320	m27_00_00_00	m27_00_00_00;m27_00_00_01	2700320	Blood Vial x6	filler	False	2	Item 宝死体22	-400.647,-85.25,167.537
52700330	m27_00_00_00	m27_00_00_00;m27_00_00_01	2700330	Twin Blood Stone Shards x1	filler	False	2	Item 宝死体23	-258.974,-86.103,186.055
52700340	m27_00_00_00	m27_00_00_00;m27_00_00_01	2700340	Antidote x3	filler	False	2	Item 宝死体24	-215.071,-75.97,258.465
52700350	m27_00_00_00	m27_00_00_00;m27_00_00_01	2700350	Antidote x4	filler	False	2	Item 宝死体25	-208.208,-75.61,262.081
52700360	m27_00_00_00	m27_00_00_00;m27_00_00_01	2700360	Twin Blood Stone Shards x2	filler	False	2	Item 宝死体26	-136.494,-121.779,352.476
52700370	m27_00_00_00	m27_00_00_00;m27_00_00_01	2700370	Blood Stone Chunk x1	filler	False	2	Item 宝死体27	-162.4,-147,450.7
52700380	m27_00_00_00	m27_00_00_00;m27_00_00_01	2700380	unknown x1	optional	False	2	Item 宝死体28	-177.93,-155.23,384.21
52700385	m27_00_00_00	m27_00_00_00;m27_00_00_01	2700385	Madman's Knowledge x1	filler	False	2	Item 宝死体28（差し替え用）	-177.93,-155.23,384.21
52700390	m27_00_00_00	m27_00_00_00;m27_00_00_01	2700390	Poison Knife x3	filler	False	2	Item 宝死体29	-290.959,-89.836,282.897
52700400	m27_00_00_00	m27_00_00_00;m27_00_00_01	2700400	Beast Blood Pellet x6	filler	False	2	Item 宝死体30	-345.34,-96.95,150.66
52700410	m27_00_00_00	m27_00_00_00;m27_00_00_01	2700410	Graveguard Robe x1	useful	True	2	Item 宝死体31	-219.406,-149.32,425.191
52700420	m27_00_00_00	m27_00_00_00;m27_00_00_01	2700420	Twin Blood Stone Shards x2	filler	False	2	Item 宝死体32	-125.998,-135.965,431.363
52700430	m27_00_00_00	m27_00_00_00;m27_00_00_01	2700430	Shining Coins x5	filler	False	2	Item 宝死体33	-182.97,-147.692,452.973
52700440	m27_00_00_00	m27_00_00_00;m27_00_00_01	2700440	Twin Blood Stone Shards x1	filler	False	2	Item 宝死体34	-165.156,-132.639,383.01
52700450	m27_00_00_00	m27_00_00_00;m27_00_00_01	2700450	Twin Blood Stone Shards x1	filler	False	2	Item 宝死体35	-260.742,-160.214,363.472
52700460	m27_00_00_00	m27_00_00_00;m27_00_00_01	2700460	Twin Blood Stone Shards x2	filler	False	2	Item 宝死体36	-178.806,-139.928,398
52700470	m27_00_00_00	m27_00_00_00;m27_00_00_01	2700470	Twin Blood Stone Shards x1	filler	False	2	Item 宝死体37	-244.539,-104.318,285.766
52700480	m27_00_00_00	m27_00_00_00;m27_00_00_01	2700480	Beast Roar x1	useful	True	2	Item 宝死体38	-395.126,-84.455,163.981
52700490	m27_00_00_00	m27_00_00_00;m27_00_00_01	2700490	Twin Blood Stone Shards x2	filler	False	2	Item 宝死体39	-121.107,-133.429,380.55
52700500	m27_00_00_00	m27_00_00_00;m27_00_00_01	2700500	Frenzied Coldblood (7) x1	filler	False	2	Item 宝死体40	-272.64,-158.71,424.83
52700510	m27_00_00_00	m27_00_00_00;m27_00_00_01	2700510	Quicksilver Bullets x6	filler	False	2	Item_宝死体41	-349.925,-92.379,147.591
52700520	m27_00_00_00	m27_00_00_00;m27_00_00_01	2700520	Twin Blood Stone Shards x1	filler	False	2	Item_宝死体42	-187.12,-155.51,459.01
52700540	m27_00_00_00	m27_00_00_00;m27_00_00_01	2700540	unknown x1	optional	False	2	Item_宝死体44	-187.676,-155.848,449.866
52700545	m27_00_00_00	m27_00_00_00;m27_00_00_01	2700545	Madman's Knowledge x1	filler	False	2	Item_宝死体44（差し替え用）	-187.676,-155.848,449.866
52700550	m27_00_00_00	m27_00_00_00;m27_00_00_01	2700550	Twin Blood Stone Shards x1	filler	False	2	Item_宝死体45	-167.812,-129.02,365.173
52700560	m27_00_00_00	m27_00_00_00;m27_00_00_01	2700560	Graveguard Mask x1	useful	True	2	Item_宝死体46	-215.811,-146.2,415.41
52700570	m27_00_00_00	m27_00_00_00;m27_00_00_01	2700570	unknown x1	optional	False	2	Item_宝死体47	-213.868,-167.893,509.266
52700575	m27_00_00_00	m27_00_00_00;m27_00_00_01	2700575	Madman's Knowledge x1	filler	False	2	Item_宝死体47（差し替え用）	-213.868,-167.893,509.266
52700580	m27_00_00_00	m27_00_00_00;m27_00_00_01	2700580	Twin Blood Stone Shards x1	filler	False	2	Item_宝死体48	-283.525,-99.652,283.409
52700590	m27_00_00_00	m27_00_00_00;m27_00_00_01	2700590	Beast Blood Pellet x3	filler	False	2	Item_宝死体49	-306.765,-84.15,193.022
52700600	m27_00_00_00	m27_00_00_00;m27_00_00_01	2700600	Thick Coldblood (6) x1	filler	False	2	Item_宝死体50	-149.523,-39.626,193.555
52700610	m27_00_00_00	m27_00_00_00;m27_00_00_01	2700610	Blood Vial x2	filler	False	2	Item_宝死体51	-254,-85.94,187.17
52700640	m27_00_00_00	m27_00_00_00;m27_00_00_01	2700640	Blood Vial x6	filler	False	2	Item_宝死体54	-321.624,-100.117,247.988
52700650	m27_00_00_00	m27_00_00_00;m27_00_00_01	2700650	unknown x1	optional	False	2	Item_宝死体55	-315.201,-110.861,111.677
52700660	m27_00_00_00	m27_00_00_00;m27_00_00_01	2700660	unknown x1	optional	False	2	Item_宝死体56	-254.73,-110.781,147.84
52700670	m27_00_00_00	m27_00_00_00;m27_00_00_01	2700670	Frenzied Coldblood (7) x1	filler	False	2	Item_宝死体57	-282.43,-111.315,87.05
52700690	m27_00_00_00	m27_00_00_00;m27_00_00_01	2700690	unknown x1	optional	False	2	Item_宝死体59	-258.43,-110.808,126.21
52700700	m27_00_00_00	m27_00_00_00;m27_00_00_01	2700700	unknown x1	optional	False	2	Item_宝死体60	-112.429,-52.196,201.544
52700720	m27_00_00_00	m27_00_00_00;m27_00_00_01	2700720	Twin Blood Stone Shards x1	filler	False	2	Item_宝死体62	-347.18,-99.552,222.032
52700740	m27_00_00_00	m27_00_00_00;m27_00_00_01	2700740	Frenzied Coldblood (7) x1	filler	False	2	Item_宝死体64	-245.458,-110.649,99.08
52700750	m27_00_00_00	m27_00_00_00;m27_00_00_01	2700750	Shining Coins x6	filler	False	2	Item_宝死体65	-173.713,-127.33,342.096
52700760	m27_00_00_00	m27_00_00_00;m27_00_00_01	2700760	Twin Blood Stone Shards x1	filler	False	2	Item_宝死体66	-136.051,-134.772,401.948
52700770	m27_00_00_00	m27_00_00_00;m27_00_00_01	2700770	Thick Coldblood (6) x1	filler	False	2	Item 宝死体08	-156.366,-136.221,471.635
52700780	m27_00_00_00	m27_00_00_00;m27_00_00_01	2700780	Antidote x4	filler	False	2	Item_宝死体68	-345.766,-108.876,180.429
52700790	m27_00_00_00	m27_00_00_00;m27_00_00_01	2700790	Quicksilver Bullets x10	filler	False	2	Item_宝死体69	-259.557,-87.226,193.896
52700800	m27_00_00_00	m27_00_00_00;m27_00_00_01	2700800	Burial Blade x1	useful	True	2	Item_宝箱00	
52700810	m27_00_00_00	m27_00_00_00;m27_00_00_01	2700810	Pebble x2	filler	False	2	Item_宝死体69	-170.53,-65.63,217.62
52700860	m27_00_00_00	m27_00_00_00;m27_00_00_01	2700860	Twin Blood Stone Shards x1	filler	False	2	Item_宝死体70	-157.65,-56.64,201.62
52700870	m27_00_00_00	m27_00_00_00;m27_00_00_01	2700870	Thick Coldblood (6) x1	filler	False	2	Item_宝死体71	-242.66,-82.76,178.31
52700880	m27_00_00_00	m27_00_00_00;m27_00_00_01	2700880	Blood Vial x5	filler	False	2	Item_宝死体72	-335.8,-97.64,163.9
52700890	m27_00_00_00	m27_00_00_00;m27_00_00_01	2700890	Blue Elixir x4	filler	False	2	Item_宝死体73	-372.29,-87.6,131.13
52700900	m27_00_00_00	m27_00_00_00;m27_00_00_01	2700900	Pungent Blood Cocktail x3	filler	False	2	Item_宝死体74	-353.07,-98.57,204.36
52700910	m27_00_00_00	m27_00_00_00;m27_00_00_01	2700910	Pungent Blood Cocktail x4	filler	False	2	Item_宝死体75	-335.22,-98.66,182.25
52700920	m27_00_00_00	m27_00_00_00;m27_00_00_01	2700920	Beast Blood Pellet x4	filler	False	2	Item_宝死体76	-318.19,-97.09,287.92
52700930	m27_00_00_00	m27_00_00_00;m27_00_00_01	2700930	Frenzied Coldblood (7) x1	filler	False	2	Item_宝死体77	-209.47,-121.33,323.33
52700940	m27_00_00_00	m27_00_00_00;m27_00_00_01	2700940	Madman's Knowledge x1	filler	False	2	Item_宝死体78	-133.39,-129.58,361.72
52700945	m27_00_00_00	m27_00_00_00;m27_00_00_01	2700950	Antidote x2	filler	False	2	Item_宝死体79	-325.87,-97.7,111.67
52700960	m27_00_00_00	m27_00_00_00;m27_00_00_01	2700960	Twin Blood Stone Shards x2	filler	False	2	Item_宝死体68	-364.23,-98.15,251.09
52800000	m28_00_00_00	m28_00_00_00;m28_00_00_01	2800000	Frenzied Coldblood (8) x1	filler	False	2	宝死体00	268.02,-46.91,99.8
52800010	m28_00_00_00	m28_00_00_00;m28_00_00_01	2800010	Blood Stone Chunk x1	filler	False	2	宝死体01	241.7,-55.129997,56.300003
52800020	m28_00_00_00	m28_00_00_00;m28_00_00_01	2800020	unknown x1	optional	False	2	宝死体02	325.2,-64.93,45.9
52800030	m28_00_00_00	m28_00_00_00;m28_00_00_01	2800030	Bolt Paper x3	filler	False	2	宝死体03	308.4,-72.11,13.5
52800040	m28_00_00_00	m28_00_00_00;m28_00_00_01	2800040	Frenzied Coldblood (8) x1	filler	False	2	宝死体04	337.5,-70.86,1.620003
52800050	m28_00_00_00	m28_00_00_00;m28_00_00_01	2800050	unknown x1	optional	False	2	宝死体05	356.47,-71.03,-1.5
52800055	m28_00_00_00	m28_00_00_00;m28_00_00_01	2800055	Madman's Knowledge x1	filler	False	2	宝死体05(差し替え用）	356.47,-71.03,-1.5
52800060	m28_00_00_00	m28_00_00_00;m28_00_00_01	2800060	Frenzied Coldblood (8) x1	filler	False	2	宝死体06	322.91998,-85.71,-19.429993
52800070	m28_00_00_00	m28_00_00_00;m28_00_00_01	2800070	Frenzied Coldblood (8) x1	filler	False	2	宝死体07	255.17,-91.46,-90.7
52800080	m28_00_00_00	m28_00_00_00;m28_00_00_01	2800080	Blood Vial x8	filler	False	2	宝死体08	227.4,-98.270004,-107.600006
52800090	m28_00_00_00	m28_00_00_00;m28_00_00_01	2800090	Frenzied Coldblood (9) x1	filler	False	2	宝死体09	240.8,-87.33,12
52800100	m28_00_00_00	m28_00_00_00;m28_00_00_01	2800100	Iron Yahar'gul Helm x1	useful	True	2	宝死体10	239.33,-65.39,28.199997
52800110	m28_00_00_00	m28_00_00_00;m28_00_00_01	2800110	Blood Stone Chunk x1	filler	False	2	宝死体11	240.3,-90.18,-41.800003
52800120	m28_00_00_00	m28_00_00_00;m28_00_00_01	2800120	Frenzied Coldblood (8) x1	filler	False	2	宝死体12	352.11,-105.94,-135.34
52800130	m28_00_00_00	m28_00_00_00;m28_00_00_01	2800130	Blood Vial x6	filler	False	2	宝死体13	311.55,-102.21,-144.29999
52800140	m28_00_00_00	m28_00_00_00;m28_00_00_01	2800140	unknown x1	optional	False	2	宝死体14	351.16998,-112.71,-158.75
52800145	m28_00_00_00	m28_00_00_00;m28_00_00_01	2800145	Madman's Knowledge x1	filler	False	2	宝死体14（差し替え用）	351.16998,-112.71,-158.75
52800150	m28_00_00_00	m28_00_00_00;m28_00_00_01	2800150	Madman's Knowledge x1	filler	False	2	宝死体15	356.4,-115.49,-226.9
52800160	m28_00_00_00	m28_00_00_00;m28_00_00_01	2800160	Madman's Knowledge x1	filler	False	2	宝死体16	379.7,-115.34,-194.79999
52800170	m28_00_00_00	m28_00_00_00;m28_00_00_01	2800170;2800320	Quicksilver Bullets x10; Frenzied Coldblood (7) x1	filler	False	4	宝死体17;宝死体32_初回_聖堂脇終点	203,-113.51,-102.899994;395,-122.02,-201.6
52800180	m28_00_00_00	m28_00_00_00;m28_00_00_01	2800180	Quicksilver Bullets x10	filler	False	4	宝死体18;宝死体37_初回_大門前	279,-113.81,-70.100006;365.2,-113.63,-229.4
52800210	m28_00_00_00	m28_00_00_00;m28_00_00_01	2800210	Blood Stone Chunk x1	filler	False	2	宝死体21	330.83002,-76.869995,-30.520004
52800290	m28_00_00_00	m28_00_00_00;m28_00_00_01	2800290	Upper Cathedral Key x1	key_or_badge	True	2	宝死体29_ミイラ	329.464,-90.757,-30.447006
52800300	m28_00_00_00	m28_00_00_00;m28_00_00_01	2800300	Pungent Blood Cocktail x1	filler	False	2	宝死体30_初回_牢屋の中（ダミー化）	
52800310	m28_00_00_00	m28_00_00_00;m28_00_00_01	2800310	Twin Blood Stone Shards x1	filler	False	2	宝死体31_初回_聖堂脇終点	218.03,-113.18,-111.14
52800330	m28_00_00_00	m28_00_00_00;m28_00_00_01	2800330	Tonitrus x1	useful	True	2	宝死体33_初回_大通り終点	275,-100.8,63.5
52800340	m28_00_00_00	m28_00_00_00;m28_00_00_01	2800340	Bolt Paper x5	filler	False	2	宝死体34_初回_豚後ろ	250.8,-104.59,1.089996
52800350	m28_00_00_00	m28_00_00_00;m28_00_00_01	2800350	unknown x1	optional	False	2	宝死体35_初回_聖堂1F中央	245.2,-102.85,-63.600006
52800355	m28_00_00_00	m28_00_00_00;m28_00_00_01	2800355	Madman's Knowledge x1	filler	False	2	宝死体35_初回_聖堂1F中央（差し替え用）	245.2,-102.85,-63.600006
52800360	m28_00_00_00	m28_00_00_00;m28_00_00_01	2800360	Pungent Blood Cocktail x3	filler	False	2	宝死体36_初回_聖堂1F端	266.69,-101.8,-61.369995
52800380	m28_00_00_00	m28_00_00_00;m28_00_00_01	2800380	Frenzied Coldblood (8) x1	filler	False	2	宝死体38_初回_大門前	310.3,-111.16,-64.86
52800400	m28_00_00_00	m28_00_00_00;m28_00_00_01	2800400	Blood Stone Chunk x2	filler	False	2	宝死体40_人さらい_ミミックびっくり	271,-103.92,13.5
52800410	m28_00_00_00	m28_00_00_00;m28_00_00_01	2800410	Blood Stone Chunk x2	filler	False	2	宝死体41_人さらい_ミミックむさぼる	251.2,-104.72,-3.300003
52800420	m28_00_00_00	m28_00_00_00;m28_00_00_01	2800420	Frenzied Coldblood (7) x1	filler	False	2	宝死体42_人さらい_聖堂1F中央A	241.4,-102.6,-68.3
52800430	m28_00_00_00	m28_00_00_00;m28_00_00_01	2800430	Frenzied Coldblood (7) x1	filler	False	2	宝死体43_人さらい_聖堂1F中央B	245.8,-102.72,-60.5
52800440	m28_00_00_00	m28_00_00_00;m28_00_00_01	2800440	Blood Stone Chunk x2	filler	False	2	宝死体44_人さらい_聖堂地下A	168.7,-113.34,-115.100006
52800450	m28_00_00_00	m28_00_00_00;m28_00_00_01	2800450	Blood Stone Chunk x2	filler	False	2	宝死体44_人さらい_聖堂地下B	278.4,-126.26,-79.5
52800500	m28_00_00_00	m28_00_00_00;m28_00_00_01	2800500	Tiny Tonitrus x1	useful	True	2	宝箱00	311.8,-90.740005,-30.5
52800510	m28_00_00_00	m28_00_00_00;m28_00_00_01	2800510	Choir Bell x1	useful	True	2	宝箱01	341,-85.32,-29.5
52800520	m28_00_00_00	m28_00_00_00;m28_00_00_01	2800520	Bone Ash Mask x1	useful	True	2	宝箱02	341,-85.32,-31.399994
52800530	m28_00_00_00	m28_00_00_00;m28_00_00_01	2800530	unknown x1	optional	False	2	宝箱03	295.5,-111.37,-152.6
52800610	m28_00_00_00	m28_00_00_00;m28_00_00_01	2800610;2800611	Black Hooded Iron Helm x1; Yahar'gul Black Garb x1	useful	True	4	宝死体46_御者席	291.96,-113.44,-76.600006
52800620	m28_00_00_00	m28_00_00_00;m28_00_00_01	2800620	Madman's Knowledge x1	filler	False	2	宝死体53	303.26,-113.22,-87.7
52800630	m28_00_00_00	m28_00_00_00;m28_00_00_01	2800630	Frenzied Coldblood (7) x1	filler	False	2	宝死体47	287.9,-126.37,-72.66
52800640	m28_00_00_00	m28_00_00_00;m28_00_00_01	2800640	Thick Coldblood (6) x1	filler	False	2	宝死体48	259.3,-114.47,-55
52800650	m28_00_00_00	m28_00_00_00;m28_00_00_01	2800650	Blood Vial x6	filler	False	2	宝死体49	194.418,-113.310005,-97.547
52800660	m28_00_00_00	m28_00_00_00;m28_00_00_01	2800660	Quicksilver Bullets x10	filler	False	2	宝死体50	186.6,-113.25,-97.350006
52800670	m28_00_00_00	m28_00_00_00;m28_00_00_01	2800670	Lead Elixir x3	filler	False	2	宝死体51	183.82,-24.76,175.44
52800680	m28_00_00_00	m28_00_00_00;m28_00_00_01	2800680	Frenzied Coldblood (8) x1	filler	False	2	宝死体52	251.27,-100.009995,-32.050003
52800690	m28_00_00_00	m28_00_00_00;m28_00_00_01	2800690	Madman's Knowledge x1	filler	False	2	宝死体54	306.64,-113.55,-84.67999
52800700	m28_00_00_00	m28_00_00_00;m28_00_00_01	2800700	Madman's Knowledge x1	filler	False	2	宝死体55	306.81,-112.87,-87.740005
52800710	m28_00_00_00	m28_00_00_00;m28_00_00_01	2800710	unknown x1	optional	False	2	宝死体22	292.6,-111.15,-152.1
53200000	m32_00_00_00	m32_00_00_00;m32_00_00_01	3200000	Madman's Knowledge x1	filler	False	2	宝死体00	-381.474,-185.56,423.09998
53200010	m32_00_00_00	m32_00_00_00;m32_00_00_01	3200010	unknown x1	optional	False	2	宝死体01	-428.274,-179.19,341.8
53200015	m32_00_00_00	m32_00_00_00;m32_00_00_01	3200015	Madman's Knowledge x1	filler	False	2	宝死体01（差し替え用）	-428.274,-179.19,341.8
53200020	m32_00_00_00	m32_00_00_00;m32_00_00_01	3200020	Madman's Knowledge x1	filler	False	2	宝死体02	-464.17398,-186.93,376.3
53200030	m32_00_00_00	m32_00_00_00;m32_00_00_01	3200030	Great One's Wisdom x1	filler	False	2	宝死体03	-475.17398,-186.96,384.8
53200040	m32_00_00_00	m32_00_00_00;m32_00_00_01	3200040	Sedative x5	filler	False	2	宝死体04	-471.374,-187.16,435.3
53200100	m32_00_00_00	m32_00_00_00;m32_00_00_01	3200100	Madman's Knowledge x1	filler	False	2	宝死体10_悪夢教室1F	-405.994,-184.91,517.74
53200110	m32_00_00_00	m32_00_00_00;m32_00_00_01	3200110	Sedative x6	filler	False	2	宝死体11_悪夢教室2F	-405.974,-177.1,517.7
53200500	m32_00_00_00	m32_00_00_00;m32_00_00_01	3200500	Empty Phantasm Shell x1	useful	True	2	宝箱00_学長室天文台	-442.61398,-156.26,401.7
53200540	m32_00_00_00	m32_00_00_00;m32_00_00_01	3200540	Student Uniform x1	useful	True	2	宝箱04_学長室2F	-449.17398,-176.15,414.4
53200600	m32_00_00_00	m32_00_00_00;m32_00_00_01	3200600	Augur of Ebrietas x1	useful	True	2	宝箱10_悪夢教室1F	-472.874,-185.25,581.4
53200620	m32_00_00_00	m32_00_00_00;m32_00_00_01	3200620	Red Jelly x2	filler	False	2	宝箱12_悪夢教室1F	-456.354,-185.25,515.3
53200640	m32_00_00_00	m32_00_00_00;m32_00_00_01	3200640	unknown x1	optional	False	2	宝箱14_悪夢教室2F	-412.774,-177.25,531.6
53200645	m32_00_00_00	m32_00_00_00;m32_00_00_01	3200645	Madman's Knowledge x1	filler	False	2	宝箱14_悪夢教室2F（差し替え用）	-412.774,-177.25,531.6
53200700	m32_00_00_00	m32_00_00_00;m32_00_00_01	3200700	Pearl Slug x1	filler	False	2	宝箱01_学長室屋根裏A	-438.44147,-183.75,402.68494
53200720	m32_00_00_00	m32_00_00_00;m32_00_00_01	3200720	Lecture Theatre Key x1	key_or_badge	True	2	追加宝死体02	-431.67398,-185.29,556.1
53200730	m32_00_00_00	m32_00_00_00;m32_00_00_01	3200730	Student Uniform x1	useful	True	2	追加宝死体03	-416.718,-183.99,548.998
53200740	m32_00_00_00	m32_00_00_00;m32_00_00_01	3200740	Madman's Knowledge x1	filler	False	2	宝死体12_悪夢教室1F	-407.744,-185.088,516.43
53200750	m32_00_00_00	m32_00_00_00;m32_00_00_01	3200750	Blood Stone Chunk x1	filler	False	2	宝死体13_悪夢教室2F	-431.974,-177.12,546.32
53300100	m33_00_00_00	m33_00_00_00	3300000	Madman's Knowledge x1	filler	False	1	Item_宝死体00	12.222,1504.892,-20.075
53300110	m33_00_00_00	m33_00_00_00	3300010	unknown x1	optional	False	1	Item_宝死体01	115.312,1495.87,-103.166
53300115	m33_00_00_00	m33_00_00_00	3300015	Madman's Knowledge x1	filler	False	1	Item_宝死体01（差し替え用）	115.312,1495.87,-103.166
53300120	m33_00_00_00	m33_00_00_00	3300020	Bolt Paper x2	filler	False	1	Item_宝死体02	162.976,1491.715,-11.891
53300130	m33_00_00_00	m33_00_00_00	3300030	Lead Elixir x2	filler	False	1	Item_宝死体03	105.202,1490.794,-9.942
53300140	m33_00_00_00	m33_00_00_00	3300040	Blood Vial x3	filler	False	1	Item_宝死体04	28.751,1453.896,-63.102
53300150	m33_00_00_00	m33_00_00_00	3300050	unknown x1	optional	False	1	Item_宝死体05	97.477,1454.206,-130.14
53300155	m33_00_00_00	m33_00_00_00	3300055	Madman's Knowledge x1	filler	False	1	Item_宝死体05（差し替え用）	97.477,1454.206,-130.14
53300160	m33_00_00_00	m33_00_00_00	3300060	Frenzied Coldblood (9) x1	filler	False	1	Item_宝死体06	34.52,1488.47,-84.124
53300170	m33_00_00_00	m33_00_00_00	3300070	Quicksilver Bullets x5	filler	False	1	Item_宝死体07	129.772,1480.136,1.652
53300180	m33_00_00_00	m33_00_00_00	3300080	Thick Coldblood (4) x1	filler	False	1	Item_宝死体08	134.838,1480.171,-10.713
53300190	m33_00_00_00	m33_00_00_00	3300090	Antidote x2	filler	False	1	Item_宝死体09	127.939,1480.142,-17.863
53300200	m33_00_00_00	m33_00_00_00	3300100	unknown x1	filler	False	1	Item_宝死体10	
53300210	m33_00_00_00	m33_00_00_00	3300110	Thick Coldblood (4) x1	filler	False	1	Item_宝死体11	111.826,1506.653,14.907
53300220	m33_00_00_00	m33_00_00_00	3300120	Madman's Knowledge x1	filler	False	1	Item_宝死体12	43.195,1493.101,-80.402
53300230	m33_00_00_00	m33_00_00_00	3300130	Madman's Knowledge x1	filler	False	1	Item_宝死体13	34.75,1480.98,-105.48
53300240	m33_00_00_00	m33_00_00_00	3300140	Frenzied Coldblood (9) x1	filler	False	1	Item_宝死体14	17.64,1457.09,-99.902
53300250	m33_00_00_00	m33_00_00_00	3300150	Blood Vial x2	filler	False	1	Item_宝死体15	107.75,1482.59,-69.83
53300260	m33_00_00_00	m33_00_00_00	3300160	Lead Elixir x2	filler	False	1	Item_宝死体16	29.879,1499.195,-48.009
53300270	m33_00_00_00	m33_00_00_00	3300170	Madman's Knowledge x1	filler	False	1	Item_宝死体17	125.758,1487.122,-85.007
53300280	m33_00_00_00	m33_00_00_00	3300180	Coldblood Flowerbud x1	filler	False	1	Item_宝死体18	156.162,1488.064,-66.353
53300290	m33_00_00_00	m33_00_00_00	3300190	Antidote x2	filler	False	1	Item_宝死体19	123.504,1490.606,-6.91
53300300	m33_00_00_00	m33_00_00_00	3300200	Frenzied Coldblood (8) x1	filler	False	1	Item_宝死体20	80.915,1480.241,-140.974
53300310	m33_00_00_00	m33_00_00_00	3300210	Antidote x4	filler	False	1	Item_宝死体21	69.629,1482.588,-105.45
53300320	m33_00_00_00	m33_00_00_00	3300220	unknown x1	optional	False	1	Item_宝死体22	73.757,1486.418,-135.367
53300325	m33_00_00_00	m33_00_00_00	3300225	Madman's Knowledge x1	filler	False	1	Item_宝死体22（差し替え用）	73.757,1486.418,-135.367
53300330	m33_00_00_00	m33_00_00_00	3300230	Messenger's Gift x1	useful	True	1	Item_宝死体23	190.931,1481.88,-36.483
53300340	m33_00_00_00	m33_00_00_00	3300240	Frenzied Coldblood (8) x1	filler	False	1	Item_宝死体24	4.46,1467.37,-164.56
53300350	m33_00_00_00	m33_00_00_00	3300250	Lead Elixir x3	filler	False	1	Item_宝死体25	3.383,1456.405,-164.35
53300360	m33_00_00_00	m33_00_00_00	3300260	Madman's Knowledge x1	filler	False	1	Item_宝死体26	26.982,1468.377,-125.604
53300370	m33_00_00_00	m33_00_00_00	3300270	Blood Vial x3	filler	False	1	Item_宝死体27	-1.625,1462.125,-61.352
53300380	m33_00_00_00	m33_00_00_00	3300280	Madman's Knowledge x1	filler	False	1	Item_宝死体28	45.969,1454.038,-75.398
53300390	m33_00_00_00	m33_00_00_00	3300290	Frenzied Coldblood (9) x1	filler	False	1	Item_宝死体29	43.62,1454.01,-115.81
53300400	m33_00_00_00	m33_00_00_00	3300300	Kin Coldblood (10) x1	filler	False	1	Item_宝死体30	76.002,1454.013,-148.746
53300410	m33_00_00_00	m33_00_00_00	3300310	Bold Hunter's Mark x3	filler	False	1	Item_宝死体31	1.492,1454.072,-116.975
53300420	m33_00_00_00	m33_00_00_00	3300320	unknown x1	optional	False	1	Item_宝死体32	69.121,1491.09,-57.525
53300425	m33_00_00_00	m33_00_00_00	3300325	Madman's Knowledge x1	filler	False	1	Item_宝死体32（差し替え用）	69.121,1491.09,-57.525
53300430	m33_00_00_00	m33_00_00_00	3300330	Coldblood Flowerbud x2	filler	False	1	Item_宝死体33	42.429,1482.61,-153.11
53300440	m33_00_00_00	m33_00_00_00	3300340	Lead Elixir x2	filler	False	1	Item_宝死体34	72.433,1480.13,-39.937
53300450	m33_00_00_00	m33_00_00_00	3300350	Antidote x3	filler	False	1	Item_宝死体35	72.805,1480.271,-37.48
53300460	m33_00_00_00	m33_00_00_00	3300360	Coldblood Flowerbud x1	filler	False	1	Item_宝死体36	70.84,1495.15,-46.92
53300470	m33_00_00_00	m33_00_00_00	3300370	Blood Vial x2	filler	False	1	Item_宝死体37	79.34,1503.43,-60.2
53300480	m33_00_00_00	m33_00_00_00	3300380	unknown x1	optional	False	1	Item_宝死体38	56.8,1490.2,-77.45
53300485	m33_00_00_00	m33_00_00_00	3300385	Madman's Knowledge x1	filler	False	1	Item_宝死体38（差し替え用）	56.8,1490.2,-77.45
53300490	m33_00_00_00	m33_00_00_00	3300390	Madman's Knowledge x1	filler	False	1	Item_宝死体39	-13.43,1456.22,-85.33
53400000	m34_00_00_00	m34_00_00_00	3400000	Twin Blood Stone Shards x1	filler	False	1	Item_宝死体00	-503.78,1492.481,-477.1
53400010	m34_00_00_00	m34_00_00_00	3400010	Frenzied Coldblood (9) x1	filler	False	1	Item_宝死体01	-507.22,1507.98,-436.44
53400020	m34_00_00_00	m34_00_00_00	3400020	Old Hunter Trousers x1	useful	True	1	Item_宝死体02	-501.01,1503.29,-417.39
53400030	m34_00_00_00	m34_00_00_00	3400030	Molotov Cocktail x4	filler	False	1	Item_宝死体03	-515.32,1504.61,-403.37
53400040	m34_00_00_00	m34_00_00_00	3400040	Old Hunter Garb x1	useful	True	1	Item_宝死体04	-511.89,1517.26,-370.34
53400050	m34_00_00_00	m34_00_00_00	3400050	Blood Vial x3	filler	False	1	Item_宝死体05	-521.8,1513.17,-387.01
53400060	m34_00_00_00	m34_00_00_00	3400060	Beast Cutter x1	useful	True	1	Item_宝死体06	-532.09,1502.19,-404.11
53400070	m34_00_00_00	m34_00_00_00	3400070	Madman's Knowledge x1	filler	False	1	Item_宝死体07	-549.33,1500.46,-441.36
53400080	m34_00_00_00	m34_00_00_00	3400080	Blood Vial x6	filler	False	1	Item_宝死体08	-522.28,1501.29,-469.13
53400090	m34_00_00_00	m34_00_00_00	3400090	Blood Vial x1	filler	False	1	Item_宝死体09	-502.06,1495.21,-451.36
53400100	m34_00_00_00	m34_00_00_00	3400100	Blood Vial x6	filler	False	1	Item_宝死体10	-471.2,1521.7,-349.61
53400110	m34_00_00_00	m34_00_00_00	3400110	Blood Vial x1	filler	False	1	Item_宝死体11	-402.33002,1500.52,-419.5
53400120	m34_00_00_00	m34_00_00_00	3400120	Delayed Molotov x5	filler	False	1	Item_宝死体12	-384.91998,1494.87,-477.65
53400130	m34_00_00_00	m34_00_00_00	3400130	Boom Hammer x1	useful	True	1	Item_宝死体13	-389.74243,1489.26,-467.9981
53400140	m34_00_00_00	m34_00_00_00	3400140	Beast Blood Pellet x3	filler	False	1	Item_宝死体14	-362.66,1491.99,-484.8
53400150	m34_00_00_00	m34_00_00_00	3400150	Blood Vial x1	filler	False	1	Item_宝死体15	-345.1,1496.02,-490.8
53400160	m34_00_00_00	m34_00_00_00	3400160	Old Hunter Top Hat x1	useful	True	1	Item_宝死体16	-405.93,1490.8,-465.65
53400170	m34_00_00_00	m34_00_00_00	3400170	Blood Stone Chunk x1	filler	False	1	Item_宝死体17	-397,1480.98,-366.2
53400180	m34_00_00_00	m34_00_00_00	3400180	Twin Blood Stone Shards x1	filler	False	1	Item_宝死体18	-401.91,1481.09,-379.15
53400190	m34_00_00_00	m34_00_00_00	3400190	Blood Stone Chunk x1	filler	False	1	Item_宝死体19	-409.7,1478.27,-373.79
53400200	m34_00_00_00	m34_00_00_00	3400200	Twin Blood Stone Shards x2	filler	False	1	Item_宝死体20	-401.82,1476.85,-348.35
53400210	m34_00_00_00	m34_00_00_00	3400210	Twin Blood Stone Shards x2	filler	False	1	Item_宝死体21	-407.06,1476.74,-350.4
53400220	m34_00_00_00	m34_00_00_00	3400220	Amygdalan Arm x1	useful	True	1	Item_宝死体22	-393.6,1477.7,-345.78998
53400230	m34_00_00_00	m34_00_00_00	3400230	Frenzied Coldblood (8) x1	filler	False	1	Item_宝死体23	-427.3,1485.7,-487.4
53400240	m34_00_00_00	m34_00_00_00	3400240	Quicksilver Bullets x6	filler	False	1	Item_宝死体24	-403.41998,1494.77,-517.4
53400250	m34_00_00_00	m34_00_00_00	3400250	Blood Vial x1	filler	False	1	Item_宝死体25	-348.34,1492.34,-544.86
53400260	m34_00_00_00	m34_00_00_00	3400260	Blood Vial x1	filler	False	1	Item_宝死体26	-432.77,1503.18,-588.35
53400270	m34_00_00_00	m34_00_00_00	3400270	Constable's Garb x1	useful	True	1	Item_宝死体27	-381.79,1495.85,-555.84
53400280	m34_00_00_00	m34_00_00_00	3400280	Whirligig Saw x1	useful	True	1	Item_宝死体28	-383.51,1493.079,-563.85
53400330	m34_00_00_00	m34_00_00_00	3400330	Blood Vial x1	filler	False	1	Item_宝死体33	-430.04,1503.25,-588.37
53400350	m34_00_00_00	m34_00_00_00	3400350	Constable's Gloves x1	useful	True	1	Item_宝死体35	-433.8,1499.54,-541.93
53400360	m34_00_00_00	m34_00_00_00	3400360	Constable's Trousers x1	useful	True	1	Item_宝死体36	-409.81,1488.94,-544.03
53400370	m34_00_00_00	m34_00_00_00	3400370	Madman's Knowledge x1	filler	False	1	Item_宝死体37	-534.44,1499.63,-439.03
53400380	m34_00_00_00	m34_00_00_00	3400380	Blood Vial x3	filler	False	1	Item_宝死体38	-521.33,1505.92,-448.2
53400390	m34_00_00_00	m34_00_00_00	3400390	Twin Blood Stone Shards x3	filler	False	1	Item_宝死体39	-527.17,1502.83,-433.39398
53400400	m34_00_00_00	m34_00_00_00	3400400	Twin Blood Stone Shards x1	filler	False	1	Item_宝死体40	-406.08002,1489.76,-448.66998
53400410	m34_00_00_00	m34_00_00_00	3400410	Blood Vial x3	filler	False	1	Item_宝死体41	-403.5,1489.37,-502.14
53400420	m34_00_00_00	m34_00_00_00	3400420	Blood Vial x3	filler	False	1	Item_宝死体42	-414.96,1506.58,-764.24
53400430	m34_00_00_00	m34_00_00_00	3400430	Frenzied Coldblood (9) x1	filler	False	1	Item_宝死体43	-342.08002,1494.1,-522.56
53400440	m34_00_00_00	m34_00_00_00	3400440	Beasthunter Saif x1	useful	True	1	Item_宝死体44	-336.89,1496.719,-568.419
53400450	m34_00_00_00	m34_00_00_00	3400450	Madman's Knowledge x1	filler	False	1	Item_宝死体45	-394.59,1499.06,-612.12
53400460	m34_00_00_00	m34_00_00_00	3400460	Blood Vial x6	filler	False	1	Item_宝死体46	-397.65,1500.98,-644.36
53400470	m34_00_00_00	m34_00_00_00	3400470	Pebble x1	filler	False	1	Item_宝死体47	-399.82,1501.38,-680.75
53400480	m34_00_00_00	m34_00_00_00	3400480	Twin Blood Stone Shards x2	filler	False	1	Item_宝死体48	-428.952,1491.35,-544.502
53400490	m34_00_00_00	m34_00_00_00	3400490	Blood Vial x2	filler	False	1	Item_宝死体49	-434,1484.59,-545.47
53400500	m34_00_00_00	m34_00_00_00	3400500	Oil Urn x3	filler	False	1	Item_宝死体50	-427.4,1484.6,-568.72
53400510	m34_00_00_00	m34_00_00_00	3400510	Butcher Mask x1	useful	True	1	Item_宝死体51	-372.05402,1498.82,-640.623
53400520	m34_00_00_00	m34_00_00_00	3400520	Quicksilver Bullets x4	filler	False	1	Item_宝死体52	-526.62,1500.01,-399.9
53400530	m34_00_00_00	m34_00_00_00	3400530	Frenzied Coldblood (8) x1	filler	False	1	Item_宝死体53	-508.67,1489.81,-487.78
53400540	m34_00_00_00	m34_00_00_00	3400540	Molotov Cocktail x3	filler	False	1	Item_宝死体54	-496.84,1521.79,-344.88
53400580	m34_00_00_00	m34_00_00_00	3400580	Old Hunter Cap x1	useful	True	1	Item_宝死体58	-498.91,1500.8,-427.81
53400590	m34_00_00_00	m34_00_00_00	3400590	Twin Blood Stone Shards x3	filler	False	1	Item_宝死体59	-523.89,1508.42,-420.81
53400600	m34_00_00_00	m34_00_00_00	3400600;3400610	Old Hunter Gloves x1; Blood Vial x1	useful	True	2	Item_宝死体60;Item_宝死体61	-422.79,1500.41,-415.05;-499.83,1496.87,-459.6
53401000	m34_00_00_00	m34_00_00_00	3401000	Delayed Molotov x5	filler	False	1	Item_宝死体TGS00	-382.38,1489,-550.81
53401010	m34_00_00_00	m34_00_00_00	3401010	Oil Urn x3	filler	False	1	Item_宝死体TGS01	-342.08002,1494.1,-522.56
53401020	m34_00_00_00	m34_00_00_00	3401020	Bone Marrow Ash x3	filler	False	1	Item_宝死体TGS02	-336.89,1496.719,-568.419
53401030	m34_00_00_00	m34_00_00_00	3401030	Fire Paper x3	filler	False	1	Item_宝死体TGS03	-383.61,1493.039,-563.35
53401040	m34_00_00_00	m34_00_00_00	3401040	Blood Vial x2	filler	False	1	Item_宝死体TGS04	-374.52,1490.66,-565.72
53401050	m34_00_00_00	m34_00_00_00	3401050	Blood Vial x1	filler	False	1	Item_宝死体TGS05	-427.4,1484.6,-568.72
53401060	m34_00_00_00	m34_00_00_00	3401060	Oil Urn x4	filler	False	1	Item_宝死体TGS06	-428.952,1491.35,-544.502
53401070	m34_00_00_00	m34_00_00_00	3401070	Quicksilver Bullets x8	filler	False	1	Item_宝死体TGS07	-434,1484.59,-545.47
53401080	m34_00_00_00	m34_00_00_00	3401080	Quicksilver Bullets x10	filler	False	1	Item_宝死体TGS08	-394.59,1499.06,-612.12
53401090	m34_00_00_00	m34_00_00_00	3401090	Blood Vial x10	filler	False	1	Item_宝死体TGS09	-369.46002,1498.94,-645.6
53401100	m34_00_00_00	m34_00_00_00	3401100	Blood Vial x4	filler	False	1	Item_宝死体TGS10	-397.65,1500.98,-644.36
53401110	m34_00_00_00	m34_00_00_00	3401110	Pebble x1	filler	False	1	Item_宝死体TGS11	-399.82,1501.38,-680.75
53401120	m34_00_00_00	m34_00_00_00	3401120	Fire Paper x1	filler	False	1	Item_宝死体TGS12	-381.19,1495.85,-556.14
53401130	m34_00_00_00	m34_00_00_00	3401130	Quicksilver Bullets x10	filler	False	1	Item_宝死体TGS13	-414.96,1506.58,-764.24
53500000	m35_00_00_00	m35_00_00_00	3500000	Kin Coldblood (10) x1	filler	False	1	Item_宝死体【ひまわり畑00】	-422.40002,1544.54,-839.24
53500110	m35_00_00_00	m35_00_00_00	3500110	Blood Vial x2	filler	False	1	Item_宝死体【時計塔01】	-331.32,1572.84,-840.82
53500120	m35_00_00_00	m35_00_00_00	3500120	Blue Elixir x2	filler	False	1	Item_宝死体【時計塔02】	-353.89,1555.79,-825.66
53500130	m35_00_00_00	m35_00_00_00	3500130	Frenzied Coldblood (9) x1	filler	False	1	Item_宝死体【時計塔03】	-382.64,1513.05,-777.52
53500140	m35_00_00_00	m35_00_00_00	3500140	Blood Stone Chunk x1	filler	False	1	Item_宝死体【時計塔04】	-376.23203,1631.09,-806.98
53500150	m35_00_00_00	m35_00_00_00	3500150	Blue Elixir x1	filler	False	1	Item_宝死体【時計塔05】	-354.991,1603.36,-860.983
53500160	m35_00_00_00	m35_00_00_00	3500160	unknown x1	optional	False	1	Item_宝死体【時計塔ギミック後水銀内00】	-352.7,1556.3,-823.25
53500180	m35_00_00_00	m35_00_00_00	3500180	Blue Elixir x1	filler	False	1	Item_宝死体【時計塔ギミック後水銀内01】	-377.2,1557.8,-806.36
53500190	m35_00_00_00	m35_00_00_00	3500190	unknown x1	optional	False	1	Item_宝死体【時計塔09】	-350.42,1595.56,-847.081
53500200	m35_00_00_00	m35_00_00_00	3500200	Kin Coldblood (10) x1	filler	False	1	Item_宝死体【時計塔ギミック後水銀内02】	-365.2,1556,-816.35
53500210	m35_00_00_00	m35_00_00_00	3500210	Frenzied Coldblood (9) x1	filler	False	1	Item_宝死体【時計塔11】	-331.40002,1572.93,-807.2
53500220	m35_00_00_00	m35_00_00_00	3500220	Sedative x3	filler	False	1	Item_宝死体【時計塔2F左部屋】	-364.1,1572.86,-875.4
53500230	m35_00_00_00	m35_00_00_00	3500230	Madman's Knowledge x1	filler	False	1	Item_宝死体【時計塔13】	-331.18002,1583.17,-808.2
53500250	m35_00_00_00	m35_00_00_00	3500250	Beast Blood Pellet x6	filler	False	1	Item_宝死体【治験棟エリア】	-355.11002,1583.33,-776.89996
53500260	m35_00_00_00	m35_00_00_00	3500260	Quicksilver Bullets x3	filler	False	1	Item_宝死体【時計塔4F暗闇部屋】	-334.7,1593.32,-858.5
53500270	m35_00_00_00	m35_00_00_00	3500270	Blood Vial x5	filler	False	1	Item_宝死体【時計塔17】	-359,1589,-851.39996
53500280	m35_00_00_00	m35_00_00_00	3500280	Blood Vial x2	filler	False	1	Item_宝死体【時計塔18】	-357.67,1604.48,-836.26
53500290	m35_00_00_00	m35_00_00_00	3500290	Frenzied Coldblood (9) x1	filler	False	1	Item_宝死体【時計塔19】	-340.18002,1572.96,-842.54
53500300	m35_00_00_00	m35_00_00_00	3500300	Antidote x2	filler	False	1	Item_宝死体【時計塔20】	-352.80002,1593.3,-833.5
53500310	m35_00_00_00	m35_00_00_00	3500310	Quicksilver Bullets x4	filler	False	1	Item_宝死体【時計塔06】	-340.35,1583.92,-836.3
53500500	m35_00_00_00	m35_00_00_00	3500500	Kin Coldblood (10) x1	filler	False	1	Item_宝死体【聖堂00】	-387.27002,1525.4,-826.07996
53500530	m35_00_00_00	m35_00_00_00	3500530	Blood Stone Chunk x1	filler	False	1	Item_宝死体【聖堂03】	-387.47,1525.53,-820.26
53500540	m35_00_00_00	m35_00_00_00	3500540	Great One's Wisdom x1	filler	False	1	Item_宝死体【聖堂04】	-341.48,1630.61,-816.67
53500600	m35_00_00_00	m35_00_00_00	3500600	Frenzied Coldblood (9) x1	filler	False	1	Item_宝死体【地下牢00】	-368.83002,1513.36,-779.98
53500620	m35_00_00_00	m35_00_00_00	3500620	Blue Elixir x4	filler	False	1	Item_宝死体【時計塔23】	-378.73,1603.48,-839.86
53500630	m35_00_00_00	m35_00_00_00	3500630	Blood Stone Chunk x1	filler	False	1	Item_宝死体【地下牢03】	-314.46402,1497.146,-796.482
53500800	m35_00_00_00	m35_00_00_00	3500800	Underground Cell Key x1	key_or_badge	True	1	Item_宝死体【時計塔12】	-334.864,1583.33,-850.87
53500810	m35_00_00_00	m35_00_00_00	3500810	Fist of Gratia x1	useful	True	1	Item_宝死体【地下牢04】	-382.21002,1512.92,-803.42
53500820	m35_00_00_00	m35_00_00_00	3500820	Enlarged Head x1	useful	True	1	Item_宝死体【時計塔07】	-352.178,1603.47,-862.17896
53500830	m35_00_00_00	m35_00_00_00	3500830	Blacksky Eye x1	useful	True	1	Item_宝死体【ひまわり畑の椅子】	-424.36902,1537.766,-824.798
53500840	m35_00_00_00	m35_00_00_00	3500840	Great One's Wisdom x1	filler	False	1	Item_宝死体【聖堂02】	-349.31,1526.35,-820.44
53500850	m35_00_00_00	m35_00_00_00	3500850	Church Cannon x1	useful	True	1	Item_宝箱【聖堂下層】	-321.30002,1499.3,-824.41
53500860	m35_00_00_00	m35_00_00_00	3500860	Loch Shield x1	useful	True	1	Item_宝死体【時計塔10】	-331.61002,1568.2,-826.64996
53500870	m35_00_00_00	m35_00_00_00	3500870	Decorative Old Hunter Garb x1	useful	True	1	Item_宝死体【時計塔】_2F右四足部屋ハンター	-359.28,1572.71,-786.39
53501100	m35_00_00_00	m35_00_00_00	3501100	unknown x1	optional	False	1	Item_宝箱【時計塔6F】	-376.54,1613.74,-809.1
53501500	m35_00_00_00	m35_00_00_00	3501500	unknown x1	optional	False	1	Item_宝箱【聖堂上層】	-327.7,1539.05,-830.69
53600000	m36_00_00_00	m36_00_00_00	3600000	Lead Elixir x1	filler	False	1	宝死体00_賽の河原	-540.2,1594.5,-815.2
53600010	m36_00_00_00	m36_00_00_00	3600010	Madman's Knowledge x1	filler	False	1	宝死体01_賽の河原	-559.3,1594.52,-824.5
53600100	m36_00_00_00	m36_00_00_00	3600100	Blood Vial x3	filler	False	1	宝死体10_村1_魚人A初出	-610.60004,1594.6,-792
53600110	m36_00_00_00	m36_00_00_00	3600110	Lead Elixir x2	filler	False	1	宝死体11_村1_井戸	-662.7,1595,-796.2
53600120	m36_00_00_00	m36_00_00_00	3600120	Kin Coldblood (10) x1	filler	False	1	宝死体12_村1_魚人大後方	-638,1594.5,-810.7
53600130	m36_00_00_00	m36_00_00_00	3600130	Oil Urn x4	filler	False	1	宝死体13_村1_火炎壷トラップ	-676.2,1594.5,-812.8
53600140	m36_00_00_00	m36_00_00_00	3600140	unknown x1	optional	False	1	宝死体14_村1_投擲家屋2F	-682.4,1600,-776
53600150	m36_00_00_00	m36_00_00_00	3600150	Great One's Wisdom x1	filler	False	1	宝死体15_村1_養殖槽外壁	-652.2,1600.9,-825.2
53600160	m36_00_00_00	m36_00_00_00	3600160	unknown x1	optional	False	1	宝死体16_村1_包丁ハウス1F	-619.60004,1595.5,-789.4
53600170	m36_00_00_00	m36_00_00_00	3600170	Blood Stone Chunk x1	filler	False	1	宝死体17_村1_包丁ハウス2F	-626.8,1598.1,-781.8
53600200	m36_00_00_00	m36_00_00_00	3600200	Blood Stone Chunk x1	filler	False	1	宝死体20_山道	-690.4,1603.64,-826.2
53600210	m36_00_00_00	m36_00_00_00	3600210	Great One's Wisdom x1	filler	False	1	宝死体21_山道	-675,1606.5,-847.4
53600220	m36_00_00_00	m36_00_00_00	3600220	Kin Coldblood (10) x1	filler	False	1	宝死体22_灯台	-661.80005,1614.83,-887.5
53600230	m36_00_00_00	m36_00_00_00	3600230	Kin Coldblood (10) x1	filler	False	1	宝死体23_灯台	-637,1611.3,-874.4
53600300	m36_00_00_00	m36_00_00_00	3600300	Blood Stone Chunk x2	filler	False	1	宝死体30_村2	-647.2,1598.1,-910.60004
53600310	m36_00_00_00	m36_00_00_00	3600310	Blood Vial x3	filler	False	1	宝死体31_村2	-621.4,1597.24,-882.4
53600320	m36_00_00_00	m36_00_00_00	3600320	Blood Stone Chunk x1	filler	False	1	宝死体32_村2	-621.5,1594.3,-936.2
53600330	m36_00_00_00	m36_00_00_00	3600330	Blood Stone Chunk x1	filler	False	1	宝死体33_村2	-618.7,1594.28,-917.4
53600340	m36_00_00_00	m36_00_00_00	3600340	unknown x1	optional	False	1	宝死体34_村2	-622.4,1594.62,-932.8
53600350	m36_00_00_00	m36_00_00_00	3600350	Kin Coldblood (10) x1	filler	False	1	宝死体35_村2	
53600360	m36_00_00_00	m36_00_00_00	3600360	Kin Coldblood (10) x1	filler	False	1	宝死体36_村2	-600.2,1598.9,-906.60004
53600400	m36_00_00_00	m36_00_00_00	3600400	Oil Urn x4	filler	False	1	宝死体40_養殖槽上層	-571.2,1608,-884.8
53600410	m36_00_00_00	m36_00_00_00	3600410	Blood Vial x6	filler	False	1	宝死体41_養殖槽上層	-609,1610.66,-872.7
53600420	m36_00_00_00	m36_00_00_00	3600420	Madman's Knowledge x1	filler	False	1	宝死体42_養殖槽上層	
53600430	m36_00_00_00	m36_00_00_00	3600430	unknown x1	optional	False	1	宝死体43_養殖槽中層	-616.2,1594.3,-846.2
53600440	m36_00_00_00	m36_00_00_00	3600440	Twin Blood Stone Shards x3	filler	False	1	宝死体44_養殖槽中層	-647.6,1594.62,-833
53600450	m36_00_00_00	m36_00_00_00	3600450	Blood Stone Chunk x1	filler	False	1	宝死体45_養殖槽中層	-625,1594.6,-832.2
53600460	m36_00_00_00	m36_00_00_00	3600460	Blood Stone Chunk x1	filler	False	1	宝死体46_養殖槽中層	-649.80005,1596.7,-832.2
53600470	m36_00_00_00	m36_00_00_00	3600470	Blood Stone Chunk x1	filler	False	1	宝死体47_養殖槽中層	-663,1595.76,-831.60004
53600500	m36_00_00_00	m36_00_00_00	3600500	Lead Elixir x1	filler	False	1	宝死体50_暗渠中層	-671.2,1594.9,-894.2
53600510	m36_00_00_00	m36_00_00_00	3600510	Kin Coldblood (11) x1	filler	False	1	宝死体51_暗渠中層	-630.2,1594.8,-865
53600520	m36_00_00_00	m36_00_00_00	3600520	Madman's Knowledge x1	filler	False	1	宝死体52_暗渠中層	-649.2,1594.6,-874.60004
53600530	m36_00_00_00	m36_00_00_00	3600530	Great One's Wisdom x1	filler	False	1	宝死体53_暗渠下層	-675,1587.4,-888.5
53600540	m36_00_00_00	m36_00_00_00	3600540	Lead Elixir x2	filler	False	1	宝死体54_暗渠下層	-653.6,1586.9,-838.2
53600550	m36_00_00_00	m36_00_00_00	3600550	Kin Coldblood (11) x1	filler	False	1	宝死体55_暗渠下層	-665.6,1587.2,-807.9
53600560	m36_00_00_00	m36_00_00_00	3600560	unknown x1	optional	False	1	宝死体56_暗渠下層	-667.2,1587,-809.2
53600570	m36_00_00_00	m36_00_00_00	3600570	unknown x1	optional	False	1	宝死体57_暗渠下層	-655.5,1572.24,-885.9
53600600	m36_00_00_00	m36_00_00_00	3600600	Blood Rock x1	filler	False	1	宝死体60_養殖槽下層	-573.4,1589.8,-893.4
53600610	m36_00_00_00	m36_00_00_00	3600610	unknown x1	optional	False	1	宝死体61_養殖槽下層	-577.2,1589.7,-888.60004
53600700	m36_00_00_00	m36_00_00_00	3600700	Harrowed Hood x1	useful	True	1	宝死体_ハンター	-620.8,1599.94,-783.8
